Italian,Korean,Gender,Example_IT,Example_KR
tornare,돌아오다,-,Devo tornare a casa prima di cena.,저녁 식사 전에 집에 돌아가야 해요.
campo,공/밭/광장/구역,m,I bambini giocano nel campo di calcio.,아이들이 축구장에서 놀고 있어요.
estero,외국의/타인의,m,Mio fratello vive e lavora all'estero.,우리 형은 해외에서 살며 일하고 있어요.
pensare,생각하다/고려하다,-,Penso che sia un'ottima idea.,아주 좋은 생각이라고 생각해요.
cambiare,바뀌다/교체하다,-,Voglio cambiare il mio stile di vita.,나는 내 라이프스타일을 바꾸고 싶어요.
crescere,성장하다/증가하다,-,I bambini crescono molto in fretta.,아이들은 정말 빨리 자라요.
ricordarsi,기억하다/생각해내다,-,L'italiano è ricordarsi.,이탈리아어는 기억하다/생각해내다입니다.
contadino,시골의/농부의,m,Il contadino è molto importante per noi.,그 contadino(은/는) 우리에게 매우 중요합니다.
edificio,건물/건축물,m,Il edificio è molto importante per noi.,그 edificio(은/는) 우리에게 매우 중요합니다.
invece,반대로/반면에,-,L'italiano è invece.,이탈리아어는 반대로/반면에입니다.
paesino,마을,m,Il paesino è molto importante per noi.,그 paesino(은/는) 우리에게 매우 중요합니다.
rimanere,남다/머무르다,-,Mi piace rimanere quando ho tempo libero.,나는 자유 시간이 있을 때 남다/머무르다는 것을 좋아합니다.
grazioso,예쁜/우아한,m,Il grazioso è molto importante per noi.,그 grazioso(은/는) 우리에게 매우 중요합니다.
lasciare,놔두다/포기하다/버리다,-,Mi piace lasciare quando ho tempo libero.,나는 자유 시간이 있을 때 놔두다/포기하다/버리다는 것을 좋아합니다.
abbandonare,버리다/포기하다/단념하다,-,Mi piace abbandonare quando ho tempo libero.,나는 자유 시간이 있을 때 버리다/포기하다/단념하다는 것을 좋아합니다.
fabbrica,공장,f,La fabbrica produce automobili.,그 공장은 자동차를 생산합니다.
scorso,지난/전의,m,Il scorso è molto importante per noi.,그 scorso(은/는) 우리에게 매우 중요합니다.
preparare,준비하다,-,Mi piace preparare quando ho tempo libero.,나는 자유 시간이 있을 때 준비하다는 것을 좋아합니다.
controllare,검사하다/관리하다/감독하다,-,Mi piace controllare quando ho tempo libero.,나는 자유 시간이 있을 때 검사하다/관리하다/감독하다는 것을 좋아합니다.
invitare,초대하다,-,Mi piace invitare quando ho tempo libero.,나는 자유 시간이 있을 때 초대하다는 것을 좋아합니다.
per fortuna,다행히/운이 좋게,f,La per fortuna è bellissima in questo periodo.,그 per fortuna(은/는) 이 시기에 매우 아름답습니다.
fine settimana,주말,f,La fine settimana è bellissima in questo periodo.,그 fine settimana(은/는) 이 시기에 매우 아름답습니다.
decidere,결정하다,-,Mi piace decidere quando ho tempo libero.,나는 자유 시간이 있을 때 결정하다는 것을 좋아합니다.
campagna,시골/전원,f,La campagna è bellissima in questo periodo.,그 campagna(은/는) 이 시기에 매우 아름답습니다.
copia,복사/카피,f,La copia è bellissima in questo periodo.,그 copia(은/는) 이 시기에 매우 아름답습니다.
trattoria,식당,f,La trattoria è bellissima in questo periodo.,그 trattoria(은/는) 이 시기에 매우 아름답습니다.
vicino,이웃,m,Il vicino è molto importante per noi.,그 vicino(은/는) 우리에게 매우 중요합니다.
portone,대문,-,L'italiano è portone.,이탈리아어는 대문입니다.
porta,문,f,La porta è bellissima in questo periodo.,그 porta(은/는) 이 시기에 매우 아름답습니다.
rendersi conto,깨닫다,m,Il rendersi conto è molto importante per noi.,그 rendersi conto(은/는) 우리에게 매우 중요합니다.
portafoglio,지갑,m,Il portafoglio è molto importante per noi.,그 portafoglio(은/는) 우리에게 매우 중요합니다.
provare a,시도하다,f,La provare a è bellissima in questo periodo.,그 provare a(은/는) 이 시기에 매우 아름답습니다.
vuoto,빈/공백의,m,Il vuoto è molto importante per noi.,그 vuoto(은/는) 우리에게 매우 중요합니다.
fare la spesa,장보다,f,La fare la spesa è bellissima in questo periodo.,그 fare la spesa(은/는) 이 시기에 매우 아름답습니다.
chiamare,부르다/전화하다,-,Mi piace chiamare quando ho tempo libero.,나는 자유 시간이 있을 때 부르다/전화하다는 것을 좋아합니다.
chiave,열쇠,f,La chiave è bellissima in questo periodo.,그 chiave(은/는) 이 시기에 매우 아름답습니다.
salire,올라가다,-,Mi piace salire quando ho tempo libero.,나는 자유 시간이 있을 때 올라가다는 것을 좋아합니다.
fino,까지,m,Il fino è molto importante per noi.,그 fino(은/는) 우리에게 매우 중요합니다.
davanti a,앞에,f,La davanti a è bellissima in questo periodo.,그 davanti a(은/는) 이 시기에 매우 아름답습니다.
frigorifero,냉장고,m,Il frigorifero è molto importante per noi.,그 frigorifero(은/는) 우리에게 매우 중요합니다.
egoista,이기주의자,f,La egoista è bellissima in questo periodo.,그 egoista(은/는) 이 시기에 매우 아름답습니다.
buddista,불교신자,f,La buddista è bellissima in questo periodo.,그 buddista(은/는) 이 시기에 매우 아름답습니다.
barista,바리스타/바텐더,f,La barista è bellissima in questo periodo.,그 barista(은/는) 이 시기에 매우 아름답습니다.
illuminista,계몽주의자,f,La illuminista è bellissima in questo periodo.,그 illuminista(은/는) 이 시기에 매우 아름답습니다.
tennista,테니스 선수,f,La tennista è bellissima in questo periodo.,그 tennista(은/는) 이 시기에 매우 아름답습니다.
linguista,언어학자,f,La linguista è bellissima in questo periodo.,그 linguista(은/는) 이 시기에 매우 아름답습니다.
protagonista,주인공,f,La protagonista è bellissima in questo periodo.,그 protagonista(은/는) 이 시기에 매우 아름답습니다.
economista,경제학자,f,La economista è bellissima in questo periodo.,그 economista(은/는) 이 시기에 매우 아름답습니다.
socialista,사회주의자,f,La socialista è bellissima in questo periodo.,그 socialista(은/는) 이 시기에 매우 아름답습니다.
autista,운전사,f,La autista è bellissima in questo periodo.,그 autista(은/는) 이 시기에 매우 아름답습니다.
pianista,피아니스트,f,La pianista è bellissima in questo periodo.,그 pianista(은/는) 이 시기에 매우 아름답습니다.
commercialista,회계사,f,La commercialista è bellissima in questo periodo.,그 commercialista(은/는) 이 시기에 매우 아름답습니다.
turista,여행객,f,La turista è bellissima in questo periodo.,그 turista(은/는) 이 시기에 매우 아름답습니다.
artista,예술가,f,La artista è bellissima in questo periodo.,그 artista(은/는) 이 시기에 매우 아름답습니다.
futurista,미래주의자,f,La futurista è bellissima in questo periodo.,그 futurista(은/는) 이 시기에 매우 아름답습니다.
apprendista,견습생,f,La apprendista è bellissima in questo periodo.,그 apprendista(은/는) 이 시기에 매우 아름답습니다.
dove,어디에,-,L'italiano è dove.,이탈리아어는 어디에입니다.
domenica,일요일,f,La domenica è bellissima in questo periodo.,그 domenica(은/는) 이 시기에 매우 아름답습니다.
raccontare,이야기하다,-,Mi piace raccontare quando ho tempo libero.,나는 자유 시간이 있을 때 이야기하다는 것을 좋아합니다.
andare,가다,-,Mi piace andare quando ho tempo libero.,나는 자유 시간이 있을 때 가다는 것을 좋아합니다.
succedere,일어나다/벌어지다,-,Mi piace succedere quando ho tempo libero.,나는 자유 시간이 있을 때 일어나다/벌어지다는 것을 좋아합니다.
venire,오다,-,Mi piace venire quando ho tempo libero.,나는 자유 시간이 있을 때 오다는 것을 좋아합니다.
fare,하다,-,Mi piace fare quando ho tempo libero.,나는 자유 시간이 있을 때 하다는 것을 좋아합니다.
riposare,쉬다,-,Mi piace riposare quando ho tempo libero.,나는 자유 시간이 있을 때 쉬다는 것을 좋아합니다.
litigare,다투다/말다툼하다,-,Mi piace litigare quando ho tempo libero.,나는 자유 시간이 있을 때 다투다/말다툼하다는 것을 좋아합니다.
settimana,주/일주일,f,La settimana è bellissima in questo periodo.,그 settimana(은/는) 이 시기에 매우 아름답습니다.
prossimo,다음의,m,Il prossimo è molto importante per noi.,그 prossimo(은/는) 우리에게 매우 중요합니다.
arrivare,도착하다,-,Mi piace arrivare quando ho tempo libero.,나는 자유 시간이 있을 때 도착하다는 것을 좋아합니다.
rispetto,존중/존경,m,Il rispetto è molto importante per noi.,그 rispetto(은/는) 우리에게 매우 중요합니다.
vivere,살다,-,Mi piace vivere quando ho tempo libero.,나는 자유 시간이 있을 때 살다는 것을 좋아합니다.
fregarsene,신경 쓰지 않다,-,L'italiano è fregarsene.,이탈리아어는 신경 쓰지 않다입니다.
passare,지나가다/보내다,-,Mi piace passare quando ho tempo libero.,나는 자유 시간이 있을 때 지나가다/보내다는 것을 좋아합니다.
farcela,해내다/할 수 있다,f,La farcela è bellissima in questo periodo.,그 farcela(은/는) 이 시기에 매우 아름답습니다.
metterci,(시간이) 걸리다,-,L'italiano è metterci.,이탈리아어는 (시간이) 걸리다입니다.
a piedi,걸어서,-,L'italiano è a piedi.,이탈리아어는 걸어서입니다.
lontano,멀리,m,Il lontano è molto importante per noi.,그 lontano(은/는) 우리에게 매우 중요합니다.
volerci,(시간/노력이) 필요하다,-,L'italiano è volerci.,이탈리아어는 (시간/노력이) 필요하다입니다.
vicino a,~에 가까이,f,La vicino a è bellissima in questo periodo.,그 vicino a(은/는) 이 시기에 매우 아름답습니다.
disastro,엉망/재앙,m,Il disastro è molto importante per noi.,그 disastro(은/는) 우리에게 매우 중요합니다.
discutere,토론하다/논의하다,-,Mi piace discutere quando ho tempo libero.,나는 자유 시간이 있을 때 토론하다/논의하다는 것을 좋아합니다.
frequentare,다니다,-,Mi piace frequentare quando ho tempo libero.,나는 자유 시간이 있을 때 다니다는 것을 좋아합니다.
trovare,찾다/발견하다,-,Mi piace trovare quando ho tempo libero.,나는 자유 시간이 있을 때 찾다/발견하다는 것을 좋아합니다.
decidere,결정하다,-,Mi piace decidere quando ho tempo libero.,나는 자유 시간이 있을 때 결정하다는 것을 좋아합니다.
comodo,편안한,m,Il comodo è molto importante per noi.,그 comodo(은/는) 우리에게 매우 중요합니다.
fermata,정류장,f,La fermata è bellissima in questo periodo.,그 fermata(은/는) 이 시기에 매우 아름답습니다.
pulire,청소하다,-,Mi piace pulire quando ho tempo libero.,나는 자유 시간이 있을 때 청소하다는 것을 좋아합니다.
residenza,거주지,f,La residenza è bellissima in questo periodo.,그 residenza(은/는) 이 시기에 매우 아름답습니다.
il braccio,팔 (신체 일부),m,Il il braccio è molto importante per noi.,그 il braccio(은/는) 우리에게 매우 중요합니다.
le braccia,팔들 (신체 일부 복수),f,La le braccia è bellissima in questo periodo.,그 le braccia(은/는) 이 시기에 매우 아름답습니다.
il muro,벽,m,Il il muro è molto importante per noi.,그 il muro(은/는) 우리에게 매우 중요합니다.
le mura,성벽,f,La le mura è bellissima in questo periodo.,그 le mura(은/는) 이 시기에 매우 아름답습니다.
il ciglio,눈썹/길가,m,Il il ciglio è molto importante per noi.,그 il ciglio(은/는) 우리에게 매우 중요합니다.
le dita,손가락들,f,La le dita è bellissima in questo periodo.,그 le dita(은/는) 이 시기에 매우 아름답습니다.
il labbro,입술,m,Il il labbro è molto importante per noi.,그 il labbro(은/는) 우리에게 매우 중요합니다.
le labbra,입술들,f,La le labbra è bellissima in questo periodo.,그 le labbra(은/는) 이 시기에 매우 아름답습니다.
il membro,구성원/신체의 일부,m,Il il membro è molto importante per noi.,그 il membro(은/는) 우리에게 매우 중요합니다.
il dito,손가락,m,Il il dito è molto importante per noi.,그 il dito(은/는) 우리에게 매우 중요합니다.
piacere,좋아하다,-,Mi piace piacere quando ho tempo libero.,나는 자유 시간이 있을 때 좋아하다는 것을 좋아합니다.
mozzarella,모짜렐라 치즈,f,La mozzarella è bellissima in questo periodo.,그 mozzarella(은/는) 이 시기에 매우 아름답습니다.
fantastico,환상적인,m,Il fantastico è molto importante per noi.,그 fantastico(은/는) 우리에게 매우 중요합니다.
pranzo,점심,m,Il pranzo è molto importante per noi.,그 pranzo(은/는) 우리에게 매우 중요합니다.
fresco,신선한,m,Il fresco è molto importante per noi.,그 fresco(은/는) 우리에게 매우 중요합니다.
ufficio,사무실,m,Il ufficio è molto importante per noi.,그 ufficio(은/는) 우리에게 매우 중요합니다.
mangiare,먹다,-,Mi piace mangiare quando ho tempo libero.,나는 자유 시간이 있을 때 먹다는 것을 좋아합니다.
basilico,바질,m,Il basilico è molto importante per noi.,그 basilico(은/는) 우리에게 매우 중요합니다.
delizioso,맛있는,m,Questo piatto è davvero delizioso.,이 요리는 정말 맛있습니다.
altro,다른,m,Il altro è molto importante per noi.,그 altro(은/는) 우리에게 매우 중요합니다.
leggere,가벼운,-,Mi piace leggere quando ho tempo libero.,나는 자유 시간이 있을 때 가벼운는 것을 좋아합니다.
davvero,정말로,m,Il davvero è molto importante per noi.,그 davvero(은/는) 우리에게 매우 중요합니다.
insalata,샐러드,f,La insalata è bellissima in questo periodo.,그 insalata(은/는) 이 시기에 매우 아름답습니다.
capire,이해하다/알다,-,Mi piace capire quando ho tempo libero.,나는 자유 시간이 있을 때 이해하다/알다는 것을 좋아합니다.
consigliare,추천하다/충고하다,-,Mi piace consigliare quando ho tempo libero.,나는 자유 시간이 있을 때 추천하다/충고하다는 것을 좋아합니다.
scelta,선택,f,La scelta è bellissima in questo periodo.,그 scelta(은/는) 이 시기에 매우 아름답습니다.
eccezionale,매우 뛰어난,-,L'italiano è eccezionale.,이탈리아어는 매우 뛰어난입니다.
preferire,선호하다,-,Mi piace preferire quando ho tempo libero.,나는 자유 시간이 있을 때 선호하다는 것을 좋아합니다.
adesso,지금,m,Il adesso è molto importante per noi.,그 adesso(은/는) 우리에게 매우 중요합니다.
tranquillo,조용한,m,Il tranquillo è molto importante per noi.,그 tranquillo(은/는) 우리에게 매우 중요합니다.
giornata,하루,f,La giornata è bellissima in questo periodo.,그 giornata(은/는) 이 시기에 매우 아름답습니다.
parco,공원,m,Il parco è molto importante per noi.,그 parco(은/는) 우리에게 매우 중요합니다.
attraversare,통과하다/건너다,-,Mi piace attraversare quando ho tempo libero.,나는 자유 시간이 있을 때 통과하다/건너다는 것을 좋아합니다.
avvistare,둘러보다/발견하다,-,Mi piace avvistare quando ho tempo libero.,나는 자유 시간이 있을 때 둘러보다/발견하다는 것을 좋아합니다.
incredibilmente,놀랍게도,-,L'italiano è incredibilmente.,이탈리아어는 놀랍게도입니다.
figlio,아들,m,Il figlio è molto importante per noi.,그 figlio(은/는) 우리에게 매우 중요합니다.
impressionante,인상적인,-,L'italiano è impressionante.,이탈리아어는 인상적인입니다.
mentre,동안에,-,L'italiano è mentre.,이탈리아어는 동안에입니다.
qualsiasi,어떤/어느 것이든,-,L'italiano è qualsiasi.,이탈리아어는 어떤/어느 것이든입니다.
godersi,즐기다,-,L'italiano è godersi.,이탈리아어는 즐기다입니다.
sorridere,미소 짓다,-,Mi piace sorridere quando ho tempo libero.,나는 자유 시간이 있을 때 미소 짓다는 것을 좋아합니다.
passeggiata,산책,f,La passeggiata è bellissima in questo periodo.,그 passeggiata(은/는) 이 시기에 매우 아름답습니다.
speciale,특별한,-,L'italiano è speciale.,이탈리아어는 특별한입니다.
continuare,지속하다,-,Mi piace continuare quando ho tempo libero.,나는 자유 시간이 있을 때 지속하다는 것을 좋아합니다.
straordinario,경이로운,m,Il straordinario è molto importante per noi.,그 straordinario(은/는) 우리에게 매우 중요합니다.
camminare,걷다,-,Mi piace camminare quando ho tempo libero.,나는 자유 시간이 있을 때 걷다는 것을 좋아합니다.
fiume,강,m,Il fiume è molto importante per noi.,그 fiume(은/는) 우리에게 매우 중요합니다.
contento,만족한/기쁜,m,Il contento è molto importante per noi.,그 contento(은/는) 우리에게 매우 중요합니다.
generoso,관대한,m,Il generoso è molto importante per noi.,그 generoso(은/는) 우리에게 매우 중요합니다.
soddisfatto,만족한,m,Il soddisfatto è molto importante per noi.,그 soddisfatto(은/는) 우리에게 매우 중요합니다.
deluso,실망한,m,Il deluso è molto importante per noi.,그 deluso(은/는) 우리에게 매우 중요합니다.
innamorato,사랑에 빠진,m,Il innamorato è molto importante per noi.,그 innamorato(은/는) 우리에게 매우 중요합니다.
sorpreso,놀란,m,Il sorpreso è molto importante per noi.,그 sorpreso(은/는) 우리에게 매우 중요합니다.
arrabbiato,화난,m,Il arrabbiato è molto importante per noi.,그 arrabbiato(은/는) 우리에게 매우 중요합니다.
interessante,흥미로운,-,L'italiano è interessante.,이탈리아어는 흥미로운입니다.
spaventato,겁먹은,m,Il spaventato è molto importante per noi.,그 spaventato(은/는) 우리에게 매우 중요합니다.
danneggiato,손상된/망가진,m,Il danneggiato è molto importante per noi.,그 danneggiato(은/는) 우리에게 매우 중요합니다.
nervoso,긴장한,m,Il nervoso è molto importante per noi.,그 nervoso(은/는) 우리에게 매우 중요합니다.
stufo,질린,m,Il stufo è molto importante per noi.,그 stufo(은/는) 우리에게 매우 중요합니다.
felice,행복한,-,L'italiano è felice.,이탈리아어는 행복한입니다.
orgoglioso,자랑스러운,m,Il orgoglioso è molto importante per noi.,그 orgoglioso(은/는) 우리에게 매우 중요합니다.
triste,슬픈,-,L'italiano è triste.,이탈리아어는 슬픈입니다.
frustrato,좌절한,m,Il frustrato è molto importante per noi.,그 frustrato(은/는) 우리에게 매우 중요합니다.
preoccupato,걱정하는,m,Il preoccupato è molto importante per noi.,그 preoccupato(은/는) 우리에게 매우 중요합니다.
vergognoso,부끄러운,m,Il vergognoso è molto importante per noi.,그 vergognoso(은/는) 우리에게 매우 중요합니다.
occuparsi di,돌보다/관리하다,-,L'italiano è occuparsi di.,이탈리아어는 돌보다/관리하다입니다.
stanco,피곤한,m,Il stanco è molto importante per noi.,그 stanco(은/는) 우리에게 매우 중요합니다.
carino,귀여운,m,Il carino è molto importante per noi.,그 carino(은/는) 우리에게 매우 중요합니다.
settimana,주일/주,f,La settimana è bellissima in questo periodo.,그 settimana(은/는) 이 시기에 매우 아름답습니다.
sentire,듣다/느끼다,-,Mi piace sentire quando ho tempo libero.,나는 자유 시간이 있을 때 듣다/느끼다는 것을 좋아합니다.
capire,이해하다,-,Mi piace capire quando ho tempo libero.,나는 자유 시간이 있을 때 이해하다는 것을 좋아합니다.
sorella,여자 형제,f,La sorella è bellissima in questo periodo.,그 sorella(은/는) 이 시기에 매우 아름답습니다.
entrambe,양쪽의,-,L'italiano è entrambe.,이탈리아어는 양쪽의입니다.
bambino,아이,m,Il bambino è molto importante per noi.,그 bambino(은/는) 우리에게 매우 중요합니다.
maggiore,나이가 더 많은,m,Il maggiore è molto importante per noi.,그 maggiore(은/는) 우리에게 매우 중요합니다.
concordare,동의하다,-,Mi piace concordare quando ho tempo libero.,나는 자유 시간이 있을 때 동의하다는 것을 좋아합니다.
fratello,남자 형제,m,Il fratello è molto importante per noi.,그 fratello(은/는) 우리에게 매우 중요합니다.
appena,방금/막,f,La appena è bellissima in questo periodo.,그 appena(은/는) 이 시기에 매우 아름답습니다.
imparare,배우다,-,Mi piace imparare quando ho tempo libero.,나는 자유 시간이 있을 때 배우다는 것을 좋아합니다.
laureare,졸업하다,-,Mi piace laureare quando ho tempo libero.,나는 자유 시간이 있을 때 졸업하다는 것을 좋아합니다.
camminare,걷다,-,Mi piace camminare quando ho tempo libero.,나는 자유 시간이 있을 때 걷다는 것을 좋아합니다.
riuscire,해내다/성공하다,-,Mi piace riuscire quando ho tempo libero.,나는 자유 시간이 있을 때 해내다/성공하다는 것을 좋아합니다.
divertente,즐거운,-,L'italiano è divertente.,이탈리아어는 즐거운입니다.
comunque,어쨌든,-,L'italiano è comunque.,이탈리아어는 어쨌든입니다.
vedere,보다,-,Mi piace vedere quando ho tempo libero.,나는 자유 시간이 있을 때 보다는 것을 좋아합니다.
passare,(시간을) 보내다,-,Mi piace passare quando ho tempo libero.,나는 자유 시간이 있을 때 (시간을) 보내다는 것을 좋아합니다.
estate,여름,f,L'estate è la mia stagione preferita.,여름은 내가 가장 좋아하는 계절이에요.
turista,관광객,f,La turista è bellissima in questo periodo.,그 turista(은/는) 이 시기에 매우 아름답습니다.
affascinare,매혹하다,-,Mi piace affascinare quando ho tempo libero.,나는 자유 시간이 있을 때 매혹하다는 것을 좋아합니다.
trascorrere,(시간을) 보내다,-,Mi piace trascorrere quando ho tempo libero.,나는 자유 시간이 있을 때 (시간을) 보내다는 것을 좋아합니다.
cultura,문화,f,La cultura è bellissima in questo periodo.,그 cultura(은/는) 이 시기에 매우 아름답습니다.
isola,섬,f,La isola è bellissima in questo periodo.,그 isola(은/는) 이 시기에 매우 아름답습니다.
decidere,결정하다,-,Mi piace decidere quando ho tempo libero.,나는 자유 시간이 있을 때 결정하다는 것을 좋아합니다.
esplorare,탐험하다,-,Mi piace esplorare quando ho tempo libero.,나는 자유 시간이 있을 때 탐험하다는 것을 좋아합니다.
prendere,가지다/타다,-,Mi piace prendere quando ho tempo libero.,나는 자유 시간이 있을 때 가지다/타다는 것을 좋아합니다.
meraviglioso,경이로운/멋진,m,Il meraviglioso è molto importante per noi.,그 meraviglioso(은/는) 우리에게 매우 중요합니다.
barchetta,작은 배,f,La barchetta è bellissima in questo periodo.,그 barchetta(은/는) 이 시기에 매우 아름답습니다.
gustare,맛보다,-,Mi piace gustare quando ho tempo libero.,나는 자유 시간이 있을 때 맛보다는 것을 좋아합니다.
sapere,알다,-,Mi piace sapere quando ho tempo libero.,나는 자유 시간이 있을 때 알다는 것을 좋아합니다.
delizioso,맛있는,m,Questo piatto è davvero delizioso.,이 요리는 정말 맛있습니다.
sperare,희망하다,-,Mi piace sperare quando ho tempo libero.,나는 자유 시간이 있을 때 희망하다는 것을 좋아합니다.
accogliere,받아들이다/환영하다,-,Mi piace accogliere quando ho tempo libero.,나는 자유 시간이 있을 때 받아들이다/환영하다는 것을 좋아합니다.
raggiungere,다다르다/도착하다,-,Mi piace raggiungere quando ho tempo libero.,나는 자유 시간이 있을 때 다다르다/도착하다는 것을 좋아합니다.
navigare,항해하다,-,Mi piace navigare quando ho tempo libero.,나는 자유 시간이 있을 때 항해하다는 것을 좋아합니다.
vulcano,화산,m,Il vulcano è molto importante per noi.,그 vulcano(은/는) 우리에게 매우 중요합니다.
mozzafiato,숨 막히는,m,Il mozzafiato è molto importante per noi.,그 mozzafiato(은/는) 우리에게 매우 중요합니다.
maestoso,장엄한,m,Il maestoso è molto importante per noi.,그 maestoso(은/는) 우리에게 매우 중요합니다.
immergere,빠지다/담그다,-,Mi piace immergere quando ho tempo libero.,나는 자유 시간이 있을 때 빠지다/담그다는 것을 좋아합니다.
turismo,관광,m,Il turismo è molto importante per noi.,그 turismo(은/는) 우리에게 매우 중요합니다.
spiaggia,해변,f,Siamo andati in spiaggia per rilassarci.,우리는 휴식을 취하러 해변에 갔습니다.
biglietto,표,m,Il biglietto è molto importante per noi.,그 biglietto(은/는) 우리에게 매우 중요합니다.
viaggio,여행,m,Il viaggio in Italia è stato indimenticabile.,이탈리아 여행은 잊을 수 없었습니다.
monumento,기념물,m,Il monumento è molto importante per noi.,그 monumento(은/는) 우리에게 매우 중요합니다.
attrazione,관광 명소,f,La attrazione è bellissima in questo periodo.,그 attrazione(은/는) 이 시기에 매우 아름답습니다.
vacanza,휴가,f,La vacanza è bellissima in questo periodo.,그 vacanza(은/는) 이 시기에 매우 아름답습니다.
museo,박물관,m,Il museo ospita opere d'arte famose.,그 박물관은 유명한 예술 작품들을 소장하고 있습니다.
bagaglio,수화물,m,Il bagaglio è molto importante per noi.,그 bagaglio(은/는) 우리에게 매우 중요합니다.
prenotare,예약하다,-,Ho prenotato un tavolo per due.,두 사람용 테이블을 예약했습니다.
gita,소풍/관광 여행,f,La gita è bellissima in questo periodo.,그 gita(은/는) 이 시기에 매우 아름답습니다.
escursione,소풍/답사,f,La escursione è bellissima in questo periodo.,그 escursione(은/는) 이 시기에 매우 아름답습니다.
albergo,호텔,m,Il albergo è molto importante per noi.,그 albergo(은/는) 우리에게 매우 중요합니다.
guida turistica,관광 가이드,f,La guida turistica è bellissima in questo periodo.,그 guida turistica(은/는) 이 시기에 매우 아름답습니다.
panorama,전망/경치,f,La panorama è bellissima in questo periodo.,그 panorama(은/는) 이 시기에 매우 아름답습니다.
agriturismo,농촌 숙박시설,m,Il agriturismo è molto importante per noi.,그 agriturismo(은/는) 우리에게 매우 중요합니다.
carta geografica,지도,f,La carta geografica è bellissima in questo periodo.,그 carta geografica(은/는) 이 시기에 매우 아름답습니다.
souvenir,기념품,-,L'italiano è souvenir.,이탈리아어는 기념품입니다.
purtroppo,불행히도,m,Il purtroppo è molto importante per noi.,그 purtroppo(은/는) 우리에게 매우 중요합니다.
ragione,이유/이성,f,La ragione è bellissima in questo periodo.,그 ragione(은/는) 이 시기에 매우 아름답습니다.
immersione subacquea,스쿠버 다이빙,f,La immersione subacquea è bellissima in questo periodo.,그 immersione subacquea(은/는) 이 시기에 매우 아름답습니다.
anche se,비록 ~일지라도,-,L'italiano è anche se.,이탈리아어는 비록 ~일지라도입니다.
mozzafiato,숨 막히는,m,Il mozzafiato è molto importante per noi.,그 mozzafiato(은/는) 우리에게 매우 중요합니다.
mancanza,그리움/부족,f,La mancanza è bellissima in questo periodo.,그 mancanza(은/는) 이 시기에 매우 아름답습니다.
che peccato,유감이다,m,Il che peccato è molto importante per noi.,그 che peccato(은/는) 우리에게 매우 중요합니다.
realizzare,실현하다,-,Mi piace realizzare quando ho tempo libero.,나는 자유 시간이 있을 때 실현하다는 것을 좋아합니다.
sembrare,~처럼 보이다,-,Mi piace sembrare quando ho tempo libero.,나는 자유 시간이 있을 때 ~처럼 보이다는 것을 좋아합니다.
organizzare,계획하다/조직하다,-,Mi piace organizzare quando ho tempo libero.,나는 자유 시간이 있을 때 계획하다/조직하다는 것을 좋아합니다.
nuotare,수영하다,-,Mi piace nuotare quando ho tempo libero.,나는 자유 시간이 있을 때 수영하다는 것을 좋아합니다.
insieme,함께,-,L'italiano è insieme.,이탈리아어는 함께입니다.
ideale,이상적인,-,L'italiano è ideale.,이탈리아어는 이상적인입니다.
assolutamente,절대적으로/완전히,-,L'italiano è assolutamente.,이탈리아어는 절대적으로/완전히입니다.
sogno,꿈,m,Il sogno è molto importante per noi.,그 sogno(은/는) 우리에게 매우 중요합니다.
simile,비슷한,-,L'italiano è simile.,이탈리아어는 비슷한입니다.
balena,고래,f,La balena è bellissima in questo periodo.,그 balena(은/는) 이 시기에 매우 아름답습니다.
Svizzera,스위스,f,La Svizzera è bellissima in questo periodo.,그 Svizzera(은/는) 이 시기에 매우 아름답습니다.
prenotare,예약하다,-,Ho prenotato un tavolo per due.,두 사람용 테이블을 예약했습니다.
meraviglioso,멋진/놀라운,m,Il meraviglioso è molto importante per noi.,그 meraviglioso(은/는) 우리에게 매우 중요합니다.
futuro,미래,m,Il futuro è molto importante per noi.,그 futuro(은/는) 우리에게 매우 중요합니다.
vista,전망,f,La vista è bellissima in questo periodo.,그 vista(은/는) 이 시기에 매우 아름답습니다.
chitarra,기타,f,La chitarra è bellissima in questo periodo.,그 chitarra(은/는) 이 시기에 매우 아름답습니다.
improvviso,갑작스러운,m,Il improvviso è molto importante per noi.,그 improvviso(은/는) 우리에게 매우 중요합니다.
sognare,꿈꾸다,-,Mi piace sognare quando ho tempo libero.,나는 자유 시간이 있을 때 꿈꾸다는 것을 좋아합니다.
seduto,앉아 있는,m,Il seduto è molto importante per noi.,그 seduto(은/는) 우리에게 매우 중요합니다.
commesso,점원,m,Il commesso è molto importante per noi.,그 commesso(은/는) 우리에게 매우 중요합니다.
accogliente,아늑한,-,L'italiano è accogliente.,이탈리아어는 아늑한입니다.
elettronico,전기의/전자의,m,Il elettronico è molto importante per noi.,그 elettronico(은/는) 우리에게 매우 중요합니다.
spiaggia,해변,f,Siamo andati in spiaggia per rilassarci.,우리는 휴식을 취하러 해변에 갔습니다.
cultura,문화,f,La cultura è bellissima in questo periodo.,그 cultura(은/는) 이 시기에 매우 아름답습니다.
davanti a,~앞에,f,La davanti a è bellissima in questo periodo.,그 davanti a(은/는) 이 시기에 매우 아름답습니다.
se,~인지 아닌지/만약,-,L'italiano è se.,이탈리아어는 ~인지 아닌지/만약입니다.
spettacolare,멋진/장관인,-,Mi piace spettacolare quando ho tempo libero.,나는 자유 시간이 있을 때 멋진/장관인는 것을 좋아합니다.
tropicale,열대의,-,L'italiano è tropicale.,이탈리아어는 열대의입니다.
vetrina,진열장,f,La vetrina è bellissima in questo periodo.,그 vetrina(은/는) 이 시기에 매우 아름답습니다.
sconto,할인,m,Il sconto è molto importante per noi.,그 sconto(은/는) 우리에게 매우 중요합니다.
prezzo,가격,m,Il prezzo è molto importante per noi.,그 prezzo(은/는) 우리에게 매우 중요합니다.
per ora,지금은,f,La per ora è bellissima in questo periodo.,그 per ora(은/는) 이 시기에 매우 아름답습니다.
di fretta,서두르는,f,La di fretta è bellissima in questo periodo.,그 di fretta(은/는) 이 시기에 매우 아름답습니다.
possibile,가능한,-,L'italiano è possibile.,이탈리아어는 가능한입니다.
fuori da,~밖에,f,La fuori da è bellissima in questo periodo.,그 fuori da(은/는) 이 시기에 매우 아름답습니다.
accontentarsi,만족하다,-,L'italiano è accontentarsi.,이탈리아어는 만족하다입니다.
appuntamento,약속,m,Il appuntamento è molto importante per noi.,그 appuntamento(은/는) 우리에게 매우 중요합니다.
budget,예산,-,L'italiano è budget.,이탈리아어는 예산입니다.
rinunciare,포기하다/단념하다,-,Mi piace rinunciare quando ho tempo libero.,나는 자유 시간이 있을 때 포기하다/단념하다는 것을 좋아합니다.
poco,적은,m,Il poco è molto importante per noi.,그 poco(은/는) 우리에게 매우 중요합니다.
alquanto,어느 정도,m,Il alquanto è molto importante per noi.,그 alquanto(은/는) 우리에게 매우 중요합니다.
altrettanto,같은 양의,m,Il altrettanto è molto importante per noi.,그 altrettanto(은/는) 우리에게 매우 중요합니다.
molto,많은,m,Il molto è molto importante per noi.,그 molto(은/는) 우리에게 매우 중요합니다.
alcuno,몇몇의,m,Il alcuno è molto importante per noi.,그 alcuno(은/는) 우리에게 매우 중요합니다.
ogni,각각의/모든,-,L'italiano è ogni.,이탈리아어는 각각의/모든입니다.
vario,다양한,m,Il vario è molto importante per noi.,그 vario(은/는) 우리에게 매우 중요합니다.
qualunque,어떤 ~라도,-,L'italiano è qualunque.,이탈리아어는 어떤 ~라도입니다.
qualche,몇몇의,-,L'italiano è qualche.,이탈리아어는 몇몇의입니다.
diverso,여러 가지의/다른,m,Il diverso è molto importante per noi.,그 diverso(은/는) 우리에게 매우 중요합니다.
troppo,너무 많은,m,Il troppo è molto importante per noi.,그 troppo(은/는) 우리에게 매우 중요합니다.
ciascuno,각자의,m,Il ciascuno è molto importante per noi.,그 ciascuno(은/는) 우리에게 매우 중요합니다.
parecchio,꽤 많은/여러 개의,m,Il parecchio è molto importante per noi.,그 parecchio(은/는) 우리에게 매우 중요합니다.
tutto,모든,m,Il tutto è molto importante per noi.,그 tutto(은/는) 우리에게 매우 중요합니다.
certo,어느 정도의/확실한,m,Il certo è molto importante per noi.,그 certo(은/는) 우리에게 매우 중요합니다.
tanto,많은,m,Il tanto è molto importante per noi.,그 tanto(은/는) 우리에게 매우 중요합니다.
nessuno,아무도/어떠한 ~도 없는,m,Il nessuno è molto importante per noi.,그 nessuno(은/는) 우리에게 매우 중요합니다.
qualsiasi,어떤 ~든지,-,L'italiano è qualsiasi.,이탈리아어는 어떤 ~든지입니다.
nuovo,새로운,m,Il nuovo è molto importante per noi.,그 nuovo(은/는) 우리에게 매우 중요합니다.
sconto,할인,m,Il sconto è molto importante per noi.,그 sconto(은/는) 우리에게 매우 중요합니다.
fantastico,멋진/환상적인,m,Il fantastico è molto importante per noi.,그 fantastico(은/는) 우리에게 매우 중요합니다.
centro commerciale,쇼핑센터,-,L'italiano è centro commerciale.,이탈리아어는 쇼핑센터입니다.
interessante,흥미로운,-,L'italiano è interessante.,이탈리아어는 흥미로운입니다.
perdere,잃어버리다/놓치다,-,Mi piace perdere quando ho tempo libero.,나는 자유 시간이 있을 때 잃어버리다/놓치다는 것을 좋아합니다.
internazionale,국제적인,-,L'italiano è internazionale.,이탈리아어는 국제적인입니다.
regalo,선물,m,Il regalo è molto importante per noi.,그 regalo(은/는) 우리에게 매우 중요합니다.
offerta,할인/제안,f,La offerta è bellissima in questo periodo.,그 offerta(은/는) 이 시기에 매우 아름답습니다.
occhiata,한번 봄/눈길,f,La occhiata è bellissima in questo periodo.,그 occhiata(은/는) 이 시기에 매우 아름답습니다.
acquistare,구매하다,-,Mi piace acquistare quando ho tempo libero.,나는 자유 시간이 있을 때 구매하다는 것을 좋아합니다.
primo,첫 번째의,m,Il primo è molto importante per noi.,그 primo(은/는) 우리에게 매우 중요합니다.
speciale,특별한,-,L'italiano è speciale.,이탈리아어는 특별한입니다.
ristorante,레스토랑,m,Il ristorante è molto importante per noi.,그 ristorante(은/는) 우리에게 매우 중요합니다.
prodotti alimentari,식품,-,L'italiano è prodotti alimentari.,이탈리아어는 식품입니다.
visitatore,방문객,m,Il visitatore è molto importante per noi.,그 visitatore(은/는) 우리에게 매우 중요합니다.
apertura,개업/열림,f,La apertura è bellissima in questo periodo.,그 apertura(은/는) 이 시기에 매우 아름답습니다.
perfetto,완벽한,m,Il perfetto è molto importante per noi.,그 perfetto(은/는) 우리에게 매우 중요합니다.
esatto,정확한,m,Il esatto è molto importante per noi.,그 esatto(은/는) 우리에게 매우 중요합니다.
occasione,기회,f,La occasione è bellissima in questo periodo.,그 occasione(은/는) 이 시기에 매우 아름답습니다.
quartiere,구역/지역,-,Mi piace quartiere quando ho tempo libero.,나는 자유 시간이 있을 때 구역/지역는 것을 좋아합니다.
facilmente,쉽게,-,L'italiano è facilmente.,이탈리아어는 쉽게입니다.
persino,심지어,m,Il persino è molto importante per noi.,그 persino(은/는) 우리에게 매우 중요합니다.
novità,새로움/소식,-,L'italiano è novità.,이탈리아어는 새로움/소식입니다.
evento,행사,m,Il evento è molto importante per noi.,그 evento(은/는) 우리에게 매우 중요합니다.
accedere,접속하다/접근하다,-,Mi piace accedere quando ho tempo libero.,나는 자유 시간이 있을 때 접속하다/접근하다는 것을 좋아합니다.
interno,내부,m,Il interno è molto importante per noi.,그 interno(은/는) 우리에게 매우 중요합니다.
apprezzare,가치를 인정하다/감사하다,-,Mi piace apprezzare quando ho tempo libero.,나는 자유 시간이 있을 때 가치를 인정하다/감사하다는 것을 좋아합니다.
culturale,문화의,-,L'italiano è culturale.,이탈리아어는 문화의입니다.
gratuitamente,무료로,-,L'italiano è gratuitamente.,이탈리아어는 무료로입니다.
diverso,다양한,m,Il diverso è molto importante per noi.,그 diverso(은/는) 우리에게 매우 중요합니다.
comunità,공동체,-,L'italiano è comunità.,이탈리아어는 공동체입니다.
punto,점/지점,m,Il punto è molto importante per noi.,그 punto(은/는) 우리에게 매우 중요합니다.
utile,유용한,-,L'italiano è utile.,이탈리아어는 유용한입니다.
organizzare,기획하다/준비하다,-,Mi piace organizzare quando ho tempo libero.,나는 자유 시간이 있을 때 기획하다/준비하다는 것을 좋아합니다.
utilizzare,사용하다,-,Mi piace utilizzare quando ho tempo libero.,나는 자유 시간이 있을 때 사용하다는 것을 좋아합니다.
riferimento,참조/기준,m,Il riferimento è molto importante per noi.,그 riferimento(은/는) 우리에게 매우 중요합니다.
tenere,열다/개최하다/유지하다,-,Mi piace tenere quando ho tempo libero.,나는 자유 시간이 있을 때 열다/개최하다/유지하다는 것을 좋아합니다.
ordinato,정돈된,m,Il ordinato è molto importante per noi.,그 ordinato(은/는) 우리에게 매우 중요합니다.
residente,거주자,-,L'italiano è residente.,이탈리아어는 거주자입니다.
esigenza,필요/요구,f,La esigenza è bellissima in questo periodo.,그 esigenza(은/는) 이 시기에 매우 아름답습니다.
primo,첫 번째의,m,Il primo è molto importante per noi.,그 primo(은/는) 우리에게 매우 중요합니다.
secondo,두 번째의,m,Il secondo è molto importante per noi.,그 secondo(은/는) 우리에게 매우 중요합니다.
terzo,세 번째의,m,Il terzo è molto importante per noi.,그 terzo(은/는) 우리에게 매우 중요합니다.
quarto,네 번째의,m,Il quarto è molto importante per noi.,그 quarto(은/는) 우리에게 매우 중요합니다.
quinto,다섯 번째의,m,Il quinto è molto importante per noi.,그 quinto(은/는) 우리에게 매우 중요합니다.
sesto,여섯 번째의,m,Il sesto è molto importante per noi.,그 sesto(은/는) 우리에게 매우 중요합니다.
settimo,일곱 번째의,m,Il settimo è molto importante per noi.,그 settimo(은/는) 우리에게 매우 중요합니다.
ottavo,여덟 번째의,m,Il ottavo è molto importante per noi.,그 ottavo(은/는) 우리에게 매우 중요합니다.
nonno,아홉 번째의,m,Il nonno è molto importante per noi.,그 nonno(은/는) 우리에게 매우 중요합니다.
decimo,열 번째의,m,Il decimo è molto importante per noi.,그 decimo(은/는) 우리에게 매우 중요합니다.
ventesimo,스무 번째의,m,Il ventesimo è molto importante per noi.,그 ventesimo(은/는) 우리에게 매우 중요합니다.
sentire,듣다/느끼다,-,Mi piace sentire quando ho tempo libero.,나는 자유 시간이 있을 때 듣다/느끼다는 것을 좋아합니다.
fine,끝/목적,-,L'italiano è fine.,이탈리아어는 끝/목적입니다.
conferma,확인,f,La conferma è bellissima in questo periodo.,그 conferma(은/는) 이 시기에 매우 아름답습니다.
ultimo,최근의/마지막의,m,Il ultimo è molto importante per noi.,그 ultimo(은/는) 우리에게 매우 중요합니다.
ufficiale,공식적인,-,L'italiano è ufficiale.,이탈리아어는 공식적인입니다.
notizia,소식/뉴스,f,La notizia è bellissima in questo periodo.,그 notizia(은/는) 이 시기에 매우 아름답습니다.
consiglio,조언/이사회,m,Il consiglio è molto importante per noi.,그 consiglio(은/는) 우리에게 매우 중요합니다.
temere,~일까 두렵다,-,Mi piace temere quando ho tempo libero.,나는 자유 시간이 있을 때 ~일까 두렵다는 것을 좋아합니다.
sembrare,~인 것 같다,-,Mi piace sembrare quando ho tempo libero.,나는 자유 시간이 있을 때 ~인 것 같다는 것을 좋아합니다.
amministrazione,관리/행정,f,La amministrazione è bellissima in questo periodo.,그 amministrazione(은/는) 이 시기에 매우 아름답습니다.
accordo,합의/동의,m,Il accordo è molto importante per noi.,그 accordo(은/는) 우리에게 매우 중요합니다.
presidente,회장/사장/대통령,-,L'italiano è presidente.,이탈리아어는 회장/사장/대통령입니다.
parere,~인 것 같다,-,Mi piace parere quando ho tempo libero.,나는 자유 시간이 있을 때 ~인 것 같다는 것을 좋아합니다.
fondato,근거 있는,m,Il fondato è molto importante per noi.,그 fondato(은/는) 우리에게 매우 중요합니다.
istituto,기관/단체,m,Il istituto è molto importante per noi.,그 istituto(은/는) 우리에게 매우 중요합니다.
strano,이상한,m,Il strano è molto importante per noi.,그 strano(은/는) 우리에게 매우 중요합니다.
sperare,바라다/희망하다,-,Mi piace sperare quando ho tempo libero.,나는 자유 시간이 있을 때 바라다/희망하다는 것을 좋아합니다.
subito,즉시,m,Il subito è molto importante per noi.,그 subito(은/는) 우리에게 매우 중요합니다.
lasciare,그만두다/떠나다,-,Mi piace lasciare quando ho tempo libero.,나는 자유 시간이 있을 때 그만두다/떠나다는 것을 좋아합니다.
salute,건강,-,L'italiano è salute.,이탈리아어는 건강입니다.
campagna,시골/외곽,f,La campagna è bellissima in questo periodo.,그 campagna(은/는) 이 시기에 매우 아름답습니다.
preoccuparsi,걱정하다,-,L'italiano è preoccuparsi.,이탈리아어는 걱정하다입니다.
sposarsi,결혼하다,-,L'italiano è sposarsi.,이탈리아어는 결혼하다입니다.
grande,큰/대단한,-,L'italiano è grande.,이탈리아어는 큰/대단한입니다.
innamorarsi,사랑에 빠지다,-,L'italiano è innamorarsi.,이탈리아어는 사랑에 빠지다입니다.
moglie,아내,-,L'italiano è moglie.,이탈리아어는 아내입니다.
sapere,알다,-,Mi piace sapere quando ho tempo libero.,나는 자유 시간이 있을 때 알다는 것을 좋아합니다.
valere,가치가 있다,-,Mi piace valere quando ho tempo libero.,나는 자유 시간이 있을 때 가치가 있다는 것을 좋아합니다.
organizzare,계획하다,-,Mi piace organizzare quando ho tempo libero.,나는 자유 시간이 있을 때 계획하다는 것을 좋아합니다.
vita,인생/생계,f,La vita è bellissima in questo periodo.,그 vita(은/는) 이 시기에 매우 아름답습니다.
darsi da fare,열심히 살다,-,Mi piace darsi da fare quando ho tempo libero.,나는 자유 시간이 있을 때 열심히 살다는 것을 좋아합니다.
cena,저녁 식사,f,La cena è bellissima in questo periodo.,그 cena(은/는) 이 시기에 매우 아름답습니다.
figlia,딸,f,La figlia è bellissima in questo periodo.,그 figlia(은/는) 이 시기에 매우 아름답습니다.
fraintendere,잘못 이해하다,-,Mi piace fraintendere quando ho tempo libero.,나는 자유 시간이 있을 때 잘못 이해하다는 것을 좋아합니다.
stesso,동일한,m,Il stesso è molto importante per noi.,그 stesso(은/는) 우리에게 매우 중요합니다.
piuttosto,차라리/약간,m,Il piuttosto è molto importante per noi.,그 piuttosto(은/는) 우리에게 매우 중요합니다.
ultimamente,최근에,-,L'italiano è ultimamente.,이탈리아어는 최근에입니다.
sbagliare,실수하다,-,Mi piace sbagliare quando ho tempo libero.,나는 자유 시간이 있을 때 실수하다는 것을 좋아합니다.
il fine,목적,-,L'italiano è il fine.,이탈리아어는 목적입니다.
la fine,끝,-,L'italiano è la fine.,이탈리아어는 끝입니다.
il fonte,세례반,-,L'italiano è il fonte.,이탈리아어는 세례반입니다.
la fonte,샘/원천,-,L'italiano è la fonte.,이탈리아어는 샘/원천입니다.
il radio,라듐,m,Il il radio è molto importante per noi.,그 il radio(은/는) 우리에게 매우 중요합니다.
la radio,라디오,m,Il la radio è molto importante per noi.,그 la radio(은/는) 우리에게 매우 중요합니다.
il caso,경우,m,Il il caso è molto importante per noi.,그 il caso(은/는) 우리에게 매우 중요합니다.
la casa,집,f,La la casa è bellissima in questo periodo.,그 la casa(은/는) 이 시기에 매우 아름답습니다.
il torto,잘못,m,Il il torto è molto importante per noi.,그 il torto(은/는) 우리에게 매우 중요합니다.
la torta,케이크,f,La la torta è bellissima in questo periodo.,그 la torta(은/는) 이 시기에 매우 아름답습니다.
il capitale,자본,-,L'italiano è il capitale.,이탈리아어는 자본입니다.
la capitale,수도,-,L'italiano è la capitale.,이탈리아어는 수도입니다.
il banco,벤치,m,Il il banco è molto importante per noi.,그 il banco(은/는) 우리에게 매우 중요합니다.
la banca,은행,f,La la banca è bellissima in questo periodo.,그 la banca(은/는) 이 시기에 매우 아름답습니다.
il suolo,토지/지표,m,Il il suolo è molto importante per noi.,그 il suolo(은/는) 우리에게 매우 중요합니다.
la suola,신발 밑창,f,La la suola è bellissima in questo periodo.,그 la suola(은/는) 이 시기에 매우 아름답습니다.
insieme,함께,-,L'italiano è insieme.,이탈리아어는 함께입니다.
frequentare,다니다,-,Mi piace frequentare quando ho tempo libero.,나는 자유 시간이 있을 때 다니다는 것을 좋아합니다.
provare,시도하다,-,Mi piace provare quando ho tempo libero.,나는 자유 시간이 있을 때 시도하다는 것을 좋아합니다.
contattare,연락하다,-,Mi piace contattare quando ho tempo libero.,나는 자유 시간이 있을 때 연락하다는 것을 좋아합니다.
orale,구두의,-,L'italiano è orale.,이탈리아어는 구두의입니다.
vergognarsi,부끄러워하다,-,L'italiano è vergognarsi.,이탈리아어는 부끄러워하다입니다.
semestre,학기,-,L'italiano è semestre.,이탈리아어는 학기입니다.
preparare,준비하다,-,Mi piace preparare quando ho tempo libero.,나는 자유 시간이 있을 때 준비하다는 것을 좋아합니다.
siccome,~이기 때문에,-,L'italiano è siccome.,이탈리아어는 ~이기 때문에입니다.
superare,통과하다,-,Mi piace superare quando ho tempo libero.,나는 자유 시간이 있을 때 통과하다는 것을 좋아합니다.
ottimo,최고의,m,Il ottimo è molto importante per noi.,그 ottimo(은/는) 우리에게 매우 중요합니다.
seguire,따르다/수강하다,-,Mi piace seguire quando ho tempo libero.,나는 자유 시간이 있을 때 따르다/수강하다는 것을 좋아합니다.
accademico,학술의/대학의,m,Il accademico è molto importante per noi.,그 accademico(은/는) 우리에게 매우 중요합니다.
periodo,기간,m,Il periodo è molto importante per noi.,그 periodo(은/는) 우리에게 매우 중요합니다.
litigare,말다툼하다,-,Mi piace litigare quando ho tempo libero.,나는 자유 시간이 있을 때 말다툼하다는 것을 좋아합니다.
progetto,프로젝트/계획,m,Il progetto è molto importante per noi.,그 progetto(은/는) 우리에게 매우 중요합니다.
migliore,더 좋은,m,Il migliore è molto importante per noi.,그 migliore(은/는) 우리에게 매우 중요합니다.
duro,힘든/단단한,m,Il duro è molto importante per noi.,그 duro(은/는) 우리에게 매우 중요합니다.
offrire,제공하다,-,Mi piace offrire quando ho tempo libero.,나는 자유 시간이 있을 때 제공하다는 것을 좋아합니다.
disoccupazione,실업,f,La disoccupazione è bellissima in questo periodo.,그 disoccupazione(은/는) 이 시기에 매우 아름답습니다.
preoccupazioni,걱정들,-,L'italiano è preoccupazioni.,이탈리아어는 걱정들입니다.
pazienza,인내/참을성,f,La pazienza è bellissima in questo periodo.,그 pazienza(은/는) 이 시기에 매우 아름답습니다.
normale,정상적인/보통의,-,L'italiano è normale.,이탈리아어는 정상적인/보통의입니다.
accadere,발생하다,-,Mi piace accadere quando ho tempo libero.,나는 자유 시간이 있을 때 발생하다는 것을 좋아합니다.
suggerire,제안하다,-,Mi piace suggerire quando ho tempo libero.,나는 자유 시간이 있을 때 제안하다는 것을 좋아합니다.
riflettere,성찰하다/반영하다,-,Mi piace riflettere quando ho tempo libero.,나는 자유 시간이 있을 때 성찰하다/반영하다는 것을 좋아합니다.
possibilità,가능성,-,L'italiano è possibilità.,이탈리아어는 가능성입니다.
sopportare,참다/견디다,-,Mi piace sopportare quando ho tempo libero.,나는 자유 시간이 있을 때 참다/견디다는 것을 좋아합니다.
affrontare,직면하다,-,Mi piace affrontare quando ho tempo libero.,나는 자유 시간이 있을 때 직면하다는 것을 좋아합니다.
sufficiente,충분한,-,L'italiano è sufficiente.,이탈리아어는 충분한입니다.
stressarsi,스트레스 받다,-,L'italiano è stressarsi.,이탈리아어는 스트레스 받다입니다.
il frutto,열매,m,Il il frutto è molto importante per noi.,그 il frutto(은/는) 우리에게 매우 중요합니다.
la frutta,과일 전체,f,La la frutta è bellissima in questo periodo.,그 la frutta(은/는) 이 시기에 매우 아름답습니다.
il pero,배나무,m,Il il pero è molto importante per noi.,그 il pero(은/는) 우리에게 매우 중요합니다.
la pera,배,f,La la pera è bellissima in questo periodo.,그 la pera(은/는) 이 시기에 매우 아름답습니다.
il melo,사과나무,m,Il il melo è molto importante per noi.,그 il melo(은/는) 우리에게 매우 중요합니다.
la mela,사과,f,La la mela è bellissima in questo periodo.,그 la mela(은/는) 이 시기에 매우 아름답습니다.
il punto,점,m,Il il punto è molto importante per noi.,그 il punto(은/는) 우리에게 매우 중요합니다.
la punta,끝/말단,f,La la punta è bellissima in questo periodo.,그 la punta(은/는) 이 시기에 매우 아름답습니다.
il pizzo,끈/수염,m,Il il pizzo è molto importante per noi.,그 il pizzo(은/는) 우리에게 매우 중요합니다.
la pizza,피자,f,La la pizza è bellissima in questo periodo.,그 la pizza(은/는) 이 시기에 매우 아름답습니다.
il soffitto,천장,m,Il il soffitto è molto importante per noi.,그 il soffitto(은/는) 우리에게 매우 중요합니다.
la soffitta,다락방,f,La la soffitta è bellissima in questo periodo.,그 la soffitta(은/는) 이 시기에 매우 아름답습니다.
il busto,상반신,m,Il il busto è molto importante per noi.,그 il busto(은/는) 우리에게 매우 중요합니다.
la busta,봉투,f,La la busta è bellissima in questo periodo.,그 la busta(은/는) 이 시기에 매우 아름답습니다.
il velo,베일,m,Il il velo è molto importante per noi.,그 il velo(은/는) 우리에게 매우 중요합니다.
la vela,돛,f,La la vela è bellissima in questo periodo.,그 la vela(은/는) 이 시기에 매우 아름답습니다.
vacanza,휴가,f,La vacanza è bellissima in questo periodo.,그 vacanza(은/는) 이 시기에 매우 아름답습니다.
lista,목록,f,La lista è bellissima in questo periodo.,그 lista(은/는) 이 시기에 매우 아름답습니다.
in anticipo,미리/일찍,m,Il in anticipo è molto importante per noi.,그 in anticipo(은/는) 우리에게 매우 중요합니다.
pensare,생각하다,-,Penso che sia un'ottima idea.,아주 좋은 생각이라고 생각해요.
organizzare,계획하다,-,Mi piace organizzare quando ho tempo libero.,나는 자유 시간이 있을 때 계획하다는 것을 좋아합니다.
suonare,울리다/연주하다,-,Mi piace suonare quando ho tempo libero.,나는 자유 시간이 있을 때 울리다/연주하다는 것을 좋아합니다.
momento,순간,m,Il momento è molto importante per noi.,그 momento(은/는) 우리에게 매우 중요합니다.
mente,마음/정신,-,L'italiano è mente.,이탈리아어는 마음/정신입니다.
decidere,결정하다,-,Mi piace decidere quando ho tempo libero.,나는 자유 시간이 있을 때 결정하다는 것을 좋아합니다.
destinazione,목적지,f,La destinazione è bellissima in questo periodo.,그 destinazione(은/는) 이 시기에 매우 아름답습니다.
visitare,방문하다,-,Mi piace visitare quando ho tempo libero.,나는 자유 시간이 있을 때 방문하다는 것을 좋아합니다.
desiderare,원하다/갈망하다,-,Mi piace desiderare quando ho tempo libero.,나는 자유 시간이 있을 때 원하다/갈망하다는 것을 좋아합니다.
divertente,즐거운,-,L'italiano è divertente.,이탈리아어는 즐거운입니다.
affascinante,매력적인,-,L'italiano è affascinante.,이탈리아어는 매력적인입니다.
fantastico,환상적인,m,Il fantastico è molto importante per noi.,그 fantastico(은/는) 우리에게 매우 중요합니다.
assolutamente,절대적으로,-,L'italiano è assolutamente.,이탈리아어는 절대적으로입니다.
indimenticabile,잊을 수 없는,-,L'italiano è indimenticabile.,이탈리아어는 잊을 수 없는입니다.
fare,하다/만들다,-,Mi piace fare quando ho tempo libero.,나는 자유 시간이 있을 때 하다/만들다는 것을 좋아합니다.
giovane,젊은,-,L'italiano è giovane.,이탈리아어는 젊은입니다.
fotografo,사진작가,m,Il fotografo è molto importante per noi.,그 fotografo(은/는) 우리에게 매우 중요합니다.
sogno,꿈,m,Il sogno è molto importante per noi.,그 sogno(은/는) 우리에게 매우 중요합니다.
preoccupazione,걱정,f,La preoccupazione è bellissima in questo periodo.,그 preoccupazione(은/는) 이 시기에 매우 아름답습니다.
esperto,전문가/경험 많은,m,Il esperto è molto importante per noi.,그 esperto(은/는) 우리에게 매우 중요합니다.
incoraggiare,격려하다,-,Mi piace incoraggiare quando ho tempo libero.,나는 자유 시간이 있을 때 격려하다는 것을 좋아합니다.
passione,열정,f,La passione è bellissima in questo periodo.,그 passione(은/는) 이 시기에 매우 아름답습니다.
creatività,창의성,-,L'italiano è creatività.,이탈리아어는 창의성입니다.
condividere,공유하다,-,Mi piace condividere quando ho tempo libero.,나는 자유 시간이 있을 때 공유하다는 것을 좋아합니다.
consiglio,조언,m,Il consiglio è molto importante per noi.,그 consiglio(은/는) 우리에게 매우 중요합니다.
opportunità,기회,-,L'italiano è opportunità.,이탈리아어는 기회입니다.
migliorare,개선하다/향상하다,-,Mi piace migliorare quando ho tempo libero.,나는 자유 시간이 있을 때 개선하다/향상하다는 것을 좋아합니다.
competenze,역량/기술,-,L'italiano è competenze.,이탈리아어는 역량/기술입니다.
formazione,교육/훈련,f,La formazione è bellissima in questo periodo.,그 formazione(은/는) 이 시기에 매우 아름답습니다.
apprendere,배우다/습득하다,-,Mi piace apprendere quando ho tempo libero.,나는 자유 시간이 있을 때 배우다/습득하다는 것을 좋아합니다.
sostegno,지원/지지,m,Il sostegno è molto importante per noi.,그 sostegno(은/는) 우리에게 매우 중요합니다.
successo,성공,m,Il successo è molto importante per noi.,그 successo(은/는) 우리에게 매우 중요합니다.
impegno,헌신/노력,m,Il impegno è molto importante per noi.,그 impegno(은/는) 우리에게 매우 중요합니다.
perseverare,인내하다/지속하다,-,Mi piace perseverare quando ho tempo libero.,나는 자유 시간이 있을 때 인내하다/지속하다는 것을 좋아합니다.
supporto,지원,m,Il supporto è molto importante per noi.,그 supporto(은/는) 우리에게 매우 중요합니다.
ristorante,레스토랑,m,Il ristorante è molto importante per noi.,그 ristorante(은/는) 우리에게 매우 중요합니다.
piatti,요리/접시,-,L'italiano è piatti.,이탈리아어는 요리/접시입니다.
menu,메뉴,-,L'italiano è menu.,이탈리아어는 메뉴입니다.
chef,주방장,-,L'italiano è chef.,이탈리아어는 주방장입니다.
gusto,맛,m,Il gusto è molto importante per noi.,그 gusto(은/는) 우리에게 매우 중요합니다.
ingredienti,재료,-,L'italiano è ingredienti.,이탈리아어는 재료입니다.
ricetta,레시피,f,La ricetta è bellissima in questo periodo.,그 ricetta(은/는) 이 시기에 매우 아름답습니다.
cucina,요리/주방,f,La cucina è bellissima in questo periodo.,그 cucina(은/는) 이 시기에 매우 아름답습니다.
antipasto,전채 요리,m,Il antipasto è molto importante per noi.,그 antipasto(은/는) 우리에게 매우 중요합니다.
primo,첫 번째 요리,m,Il primo è molto importante per noi.,그 primo(은/는) 우리에게 매우 중요합니다.
ordinare,주문하다,-,Mi piace ordinare quando ho tempo libero.,나는 자유 시간이 있을 때 주문하다는 것을 좋아합니다.
assaggiare,맛보다,-,Mi piace assaggiare quando ho tempo libero.,나는 자유 시간이 있을 때 맛보다는 것을 좋아합니다.
gustare,음미하다,-,Mi piace gustare quando ho tempo libero.,나는 자유 시간이 있을 때 음미하다는 것을 좋아합니다.
prendere,주문하다/먹다,-,Mi piace prendere quando ho tempo libero.,나는 자유 시간이 있을 때 주문하다/먹다는 것을 좋아합니다.
frutta,과일,f,La frutta è bellissima in questo periodo.,그 frutta(은/는) 이 시기에 매우 아름답습니다.
insalata,샐러드,f,La insalata è bellissima in questo periodo.,그 insalata(은/는) 이 시기에 매우 아름답습니다.
secondo piatto,두 번째 요리,m,Il secondo piatto è molto importante per noi.,그 secondo piatto(은/는) 우리에게 매우 중요합니다.
piatti tipici,전통 요리,-,L'italiano è piatti tipici.,이탈리아어는 전통 요리입니다.
posate,식기류,-,L'italiano è posate.,이탈리아어는 식기류입니다.
piatto del giorno,오늘의 요리,m,Il piatto del giorno è molto importante per noi.,그 piatto del giorno(은/는) 우리에게 매우 중요합니다.
bevanda,음료,f,La bevanda è bellissima in questo periodo.,그 bevanda(은/는) 이 시기에 매우 아름답습니다.
spesa,장보기,f,La spesa è bellissima in questo periodo.,그 spesa(은/는) 이 시기에 매우 아름답습니다.
pasticceria,제과점,f,La pasticceria è bellissima in questo periodo.,그 pasticceria(은/는) 이 시기에 매우 아름답습니다.
sapore,풍미,m,Il sapore è molto importante per noi.,그 sapore(은/는) 우리에게 매우 중요합니다.
contorno,사이드 요리,m,Il contorno è molto importante per noi.,그 contorno(은/는) 우리에게 매우 중요합니다.
spezie,향신료,-,L'italiano è spezie.,이탈리아어는 향신료입니다.
dolce,디저트,-,L'italiano è dolce.,이탈리아어는 디저트입니다.
prenotare,예약하다,-,Ho prenotato un tavolo per due.,두 사람용 테이블을 예약했습니다.
incidente stradale,교통사고,-,L'italiano è incidente stradale.,이탈리아어는 교통사고입니다.
nonostante,~에도 불구하고,-,L'italiano è nonostante.,이탈리아어는 ~에도 불구하고입니다.
alcuno,어떤/몇몇의,m,Il alcuno è molto importante per noi.,그 alcuno(은/는) 우리에게 매우 중요합니다.
documento,서류/문서,m,Il documento è molto importante per noi.,그 documento(은/는) 우리에게 매우 중요합니다.
entro,~이내에,m,Il entro è molto importante per noi.,그 entro(은/는) 우리에게 매우 중요합니다.
in tempo,시간 맞춰,m,Il in tempo è molto importante per noi.,그 in tempo(은/는) 우리에게 매우 중요합니다.
prima che,~하기 전에,-,L'italiano è prima che.,이탈리아어는 ~하기 전에입니다.
apprezzare,감사하다/인정하다,-,Mi piace apprezzare quando ho tempo libero.,나는 자유 시간이 있을 때 감사하다/인정하다는 것을 좋아합니다.
benché,비록 ~일지라도,-,L'italiano è benché.,이탈리아어는 비록 ~일지라도입니다.
iniziare,시작하다,-,Mi piace iniziare quando ho tempo libero.,나는 자유 시간이 있을 때 시작하다는 것을 좋아합니다.
problema,문제,f,La problema è bellissima in questo periodo.,그 problema(은/는) 이 시기에 매우 아름답습니다.
riunione,회의,-,L'italiano è riunione.,이탈리아어는 회의입니다.
traffico,교통,m,Il traffico è molto importante per noi.,그 traffico(은/는) 우리에게 매우 중요합니다.
fortunate,운 좋은,-,L'italiano è fortunate.,이탈리아어는 운 좋은입니다.
fretta,서두름,f,La fretta è bellissima in questo periodo.,그 fretta(은/는) 이 시기에 매우 아름답습니다.
consegnare,제출하다,-,Mi piace consegnare quando ho tempo libero.,나는 자유 시간이 있을 때 제출하다는 것을 좋아합니다.
preoccupato,걱정하는,m,Il preoccupato è molto importante per noi.,그 preoccupato(은/는) 우리에게 매우 중요합니다.
farcela,해내다,f,La farcela è bellissima in questo periodo.,그 farcela(은/는) 이 시기에 매우 아름답습니다.
presentazione,발표,f,La presentazione è bellissima in questo periodo.,그 presentazione(은/는) 이 시기에 매우 아름답습니다.
caldo,더위,m,Il caldo è molto importante per noi.,그 caldo(은/는) 우리에게 매우 중요합니다.
bibita,음료,f,La bibita è bellissima in questo periodo.,그 bibita(은/는) 이 시기에 매우 아름답습니다.
coperta,담요,f,La coperta è bellissima in questo periodo.,그 coperta(은/는) 이 시기에 매우 아름답습니다.
fresco,신선한/시원한,m,Il fresco è molto importante per noi.,그 fresco(은/는) 우리에게 매우 중요합니다.
cestino,바구니,m,Il cestino è molto importante per noi.,그 cestino(은/는) 우리에게 매우 중요합니다.
notare,주시하다,-,Mi piace notare quando ho tempo libero.,나는 자유 시간이 있을 때 주시하다는 것을 좋아합니다.
stanchezza,피곤함,f,La stanchezza è bellissima in questo periodo.,그 stanchezza(은/는) 이 시기에 매우 아름답습니다.
godersi,즐기다,-,L'italiano è godersi.,이탈리아어는 즐기다입니다.
uccello,새,m,Il uccello è molto importante per noi.,그 uccello(은/는) 우리에게 매우 중요합니다.
trascorrere,(시간을) 보내다,-,Mi piace trascorrere quando ho tempo libero.,나는 자유 시간이 있을 때 (시간을) 보내다는 것을 좋아합니다.
aperta,야외,f,La aperta è bellissima in questo periodo.,그 aperta(은/는) 이 시기에 매우 아름답습니다.
volare,날다,-,Mi piace volare quando ho tempo libero.,나는 자유 시간이 있을 때 날다는 것을 좋아합니다.
stendere,펼치다,-,Mi piace stendere quando ho tempo libero.,나는 자유 시간이 있을 때 펼치다는 것을 좋아합니다.
cielo,하늘,m,Il cielo è molto importante per noi.,그 cielo(은/는) 우리에게 매우 중요합니다.
ombra,그늘,f,La ombra è bellissima in questo periodo.,그 ombra(은/는) 이 시기에 매우 아름답습니다.
mentre,반면에/동안에,-,L'italiano è mentre.,이탈리아어는 반면에/동안에입니다.
forte,강한,-,L'italiano è forte.,이탈리아어는 강한입니다.
camminare,걷다,-,Mi piace camminare quando ho tempo libero.,나는 자유 시간이 있을 때 걷다는 것을 좋아합니다.
sedersi,앉다,-,L'italiano è sedersi.,이탈리아어는 앉다입니다.
erba,풀/잔디,f,La erba è bellissima in questo periodo.,그 erba(은/는) 이 시기에 매우 아름답습니다.
tirare,꺼내다/당기다,-,Mi piace tirare quando ho tempo libero.,나는 자유 시간이 있을 때 꺼내다/당기다는 것을 좋아합니다.
osservare,관찰하다,-,Mi piace osservare quando ho tempo libero.,나는 자유 시간이 있을 때 관찰하다는 것을 좋아합니다.
rinfrescarsi,시원하게 하다,-,L'italiano è rinfrescarsi.,이탈리아어는 시원하게 하다입니다.
sentiero,오솔길,m,Il sentiero è molto importante per noi.,그 sentiero(은/는) 우리에게 매우 중요합니다.
diploma,졸업장/학위,f,La diploma è bellissima in questo periodo.,그 diploma(은/는) 이 시기에 매우 아름답습니다.
diplomarsi,졸업하다 (고교),-,L'italiano è diplomarsi.,이탈리아어는 졸업하다 (고교)입니다.
collegio,기숙학교,m,Il collegio è molto importante per noi.,그 collegio(은/는) 우리에게 매우 중요합니다.
laurea,학위 (대졸),f,La laurea è bellissima in questo periodo.,그 laurea(은/는) 이 시기에 매우 아름답습니다.
laurearsi,졸업하다 (대학),-,L'italiano è laurearsi.,이탈리아어는 졸업하다 (대학)입니다.
bocciato,낙제한,m,Il bocciato è molto importante per noi.,그 bocciato(은/는) 우리에게 매우 중요합니다.
obbligatorio,의무의,m,Il obbligatorio è molto importante per noi.,그 obbligatorio(은/는) 우리에게 매우 중요합니다.
scuola elementare,초등학교,-,Mi piace scuola elementare quando ho tempo libero.,나는 자유 시간이 있을 때 초등학교는 것을 좋아합니다.
scuola media,중학교,f,La scuola media è bellissima in questo periodo.,그 scuola media(은/는) 이 시기에 매우 아름답습니다.
scuola superiore,고등학교,m,Il scuola superiore è molto importante per noi.,그 scuola superiore(은/는) 우리에게 매우 중요합니다.
facoltativo,선택적인,m,Il facoltativo è molto importante per noi.,그 facoltativo(은/는) 우리에게 매우 중요합니다.
maturità,고교 졸업시험,-,L'italiano è maturità.,이탈리아어는 고교 졸업시험입니다.
promosso,진급한,m,Il promosso è molto importante per noi.,그 promosso(은/는) 우리에게 매우 중요합니다.
iscrizione,등록,f,La iscrizione è bellissima in questo periodo.,그 iscrizione(은/는) 이 시기에 매우 아름답습니다.
ripetere,반복하다,-,Mi piace ripetere quando ho tempo libero.,나는 자유 시간이 있을 때 반복하다는 것을 좋아합니다.
superare,통과하다,-,Mi piace superare quando ho tempo libero.,나는 자유 시간이 있을 때 통과하다는 것을 좋아합니다.
asilo,유치원,m,Il asilo è molto importante per noi.,그 asilo(은/는) 우리에게 매우 중요합니다.
compleanno,생일,m,Il compleanno è molto importante per noi.,그 compleanno(은/는) 우리에게 매우 중요합니다.
momento,순간,m,Il momento è molto importante per noi.,그 momento(은/는) 우리에게 매우 중요합니다.
successo,성공,m,Il successo è molto importante per noi.,그 successo(은/는) 우리에게 매우 중요합니다.
rimanere,남다,-,Mi piace rimanere quando ho tempo libero.,나는 자유 시간이 있을 때 남다는 것을 좋아합니다.
organizzare,기획하다,-,Mi piace organizzare quando ho tempo libero.,나는 자유 시간이 있을 때 기획하다는 것을 좋아합니다.
sorpreso,놀란,m,Il sorpreso è molto importante per noi.,그 sorpreso(은/는) 우리에게 매우 중요합니다.
torta,케이크,f,La torta è bellissima in questo periodo.,그 torta(은/는) 이 시기에 매우 아름답습니다.
contento,기쁜,m,Il contento è molto importante per noi.,그 contento(은/는) 우리에게 매우 중요합니다.
cuoca,여자 요리사,f,La cuoca è bellissima in questo periodo.,그 cuoca(은/는) 이 시기에 매우 아름답습니다.
scattare,(사진을) 찍다,-,Mi piace scattare quando ho tempo libero.,나는 자유 시간이 있을 때 (사진을) 찍다는 것을 좋아합니다.
incredibile,믿을 수 없는,-,L'italiano è incredibile.,이탈리아어는 믿을 수 없는입니다.
portare,가져오다/가지고 가다,-,Mi piace portare quando ho tempo libero.,나는 자유 시간이 있을 때 가져오다/가지고 가다는 것을 좋아합니다.
regalo,선물,m,Il regalo è molto importante per noi.,그 regalo(은/는) 우리에게 매우 중요합니다.
fotocamera,사진기,f,La fotocamera è bellissima in questo periodo.,그 fotocamera(은/는) 이 시기에 매우 아름답습니다.
davanti a,~앞에,f,La davanti a è bellissima in questo periodo.,그 davanti a(은/는) 이 시기에 매우 아름답습니다.
durante,~동안,-,L'italiano è durante.,이탈리아어는 ~동안입니다.
ultimo,최근의,m,Il ultimo è molto importante per noi.,그 ultimo(은/는) 우리에게 매우 중요합니다.
volo,비행,m,Il volo è molto importante per noi.,그 volo(은/는) 우리에게 매우 중요합니다.
offrire,제공하다,-,Mi piace offrire quando ho tempo libero.,나는 자유 시간이 있을 때 제공하다는 것을 좋아합니다.
avventura,모험,f,La avventura è bellissima in questo periodo.,그 avventura(은/는) 이 시기에 매우 아름답습니다.
prenotare,예약하다,-,Ho prenotato un tavolo per due.,두 사람용 테이블을 예약했습니다.
ospite,손님,-,L'italiano è ospite.,이탈리아어는 손님입니다.
pianificare,계획하다,-,Mi piace pianificare quando ho tempo libero.,나는 자유 시간이 있을 때 계획하다는 것을 좋아합니다.
anticipo,앞당김,m,Il anticipo è molto importante per noi.,그 anticipo(은/는) 우리에게 매우 중요합니다.
suono,소리,m,Il suono è molto importante per noi.,그 suono(은/는) 우리에게 매우 중요합니다.
intero,전체의,m,Il intero è molto importante per noi.,그 intero(은/는) 우리에게 매우 중요합니다.
vista,전망,f,La vista è bellissima in questo periodo.,그 vista(은/는) 이 시기에 매우 아름답습니다.
onda,파도,f,La onda è bellissima in questo periodo.,그 onda(은/는) 이 시기에 매우 아름답습니다.
cura,주의/돌봄,f,La cura è bellissima in questo periodo.,그 cura(은/는) 이 시기에 매우 아름답습니다.
ammirare,감탄하다,-,Mi piace ammirare quando ho tempo libero.,나는 자유 시간이 있을 때 감탄하다는 것을 좋아합니다.
apprezzare,감사하다/인정하다,-,Mi piace apprezzare quando ho tempo libero.,나는 자유 시간이 있을 때 감사하다/인정하다는 것을 좋아합니다.
agenzia,대리점,f,La agenzia è bellissima in questo periodo.,그 agenzia(은/는) 이 시기에 매우 아름답습니다.
accogliere,환대하다,-,Mi piace accogliere quando ho tempo libero.,나는 자유 시간이 있을 때 환대하다는 것을 좋아합니다.
memoria,기억,f,La memoria è bellissima in questo periodo.,그 memoria(은/는) 이 시기에 매우 아름답습니다.
gruppo,그룹,m,Il gruppo è molto importante per noi.,그 gruppo(은/는) 우리에게 매우 중요합니다.
alloggio,숙소,m,Il alloggio è molto importante per noi.,그 alloggio(은/는) 우리에게 매우 중요합니다.
creare,창출하다/만들다,-,Mi piace creare quando ho tempo libero.,나는 자유 시간이 있을 때 창출하다/만들다는 것을 좋아합니다.
guidare,이끌다/인도하다,-,Mi piace guidare quando ho tempo libero.,나는 자유 시간이 있을 때 이끌다/인도하다는 것을 좋아합니다.
guida,가이드,f,La guida è bellissima in questo periodo.,그 guida(은/는) 이 시기에 매우 아름답습니다.
esperto,전문적인,m,Il esperto è molto importante per noi.,그 esperto(은/는) 우리에게 매우 중요합니다.
posizione,위치,f,La posizione è bellissima in questo periodo.,그 posizione(은/는) 이 시기에 매우 아름답습니다.
pittoresco,그림 같은,m,Il pittoresco è molto importante per noi.,그 pittoresco(은/는) 우리에게 매우 중요합니다.
luogo,장소,m,Il luogo è molto importante per noi.,그 luogo(은/는) 우리에게 매우 중요합니다.
isola,섬,f,La isola è bellissima in questo periodo.,그 isola(은/는) 이 시기에 매우 아름답습니다.
affascinante,매력적인,-,L'italiano è affascinante.,이탈리아어는 매력적인입니다.
tropicale,열대의,-,L'italiano è tropicale.,이탈리아어는 열대의입니다.
percorrere,통과하다/가다,-,Mi piace percorrere quando ho tempo libero.,나는 자유 시간이 있을 때 통과하다/가다는 것을 좋아합니다.
quotidianamente,매일같이,-,L'italiano è quotidianamente.,이탈리아어는 매일같이입니다.
numeroso,수많은,m,Il numeroso è molto importante per noi.,그 numeroso(은/는) 우리에게 매우 중요합니다.
attività,활동,-,L'italiano è attività.,이탈리아어는 활동입니다.
personale,직원,-,L'italiano è personale.,이탈리아어는 직원입니다.
lavoro,일,m,Il lavoro è molto importante per noi.,그 lavoro(은/는) 우리에게 매우 중요합니다.
sindacato,노동조합,m,Il sindacato è molto importante per noi.,그 sindacato(은/는) 우리에게 매우 중요합니다.
promozione,승진,f,La promozione è bellissima in questo periodo.,그 promozione(은/는) 이 시기에 매우 아름답습니다.
stipendio,월급,m,Il stipendio è molto importante per noi.,그 stipendio(은/는) 우리에게 매우 중요합니다.
guadagnare,돈을 벌다,-,Mi piace guadagnare quando ho tempo libero.,나는 자유 시간이 있을 때 돈을 벌다는 것을 좋아합니다.
impiegato,남자 회사원,m,Il impiegato è molto importante per noi.,그 impiegato(은/는) 우리에게 매우 중요합니다.
sciopero,파업,m,Il sciopero è molto importante per noi.,그 sciopero(은/는) 우리에게 매우 중요합니다.
impiegata,여자 회사원,f,La impiegata è bellissima in questo periodo.,그 impiegata(은/는) 이 시기에 매우 아름답습니다.
impegno,일/업무/헌신,m,Il impegno è molto importante per noi.,그 impegno(은/는) 우리에게 매우 중요합니다.
colloquio di lavoro,면접,m,Il colloquio di lavoro è molto importante per noi.,그 colloquio di lavoro(은/는) 우리에게 매우 중요합니다.
impegnato,바쁜,m,Il impegnato è molto importante per noi.,그 impegnato(은/는) 우리에게 매우 중요합니다.
licenziare,해고하다,-,Mi piace licenziare quando ho tempo libero.,나는 자유 시간이 있을 때 해고하다는 것을 좋아합니다.
aumento,증가/인상,m,Il aumento è molto importante per noi.,그 aumento(은/는) 우리에게 매우 중요합니다.
essere licenziato,해고당하다,m,Il essere licenziato è molto importante per noi.,그 essere licenziato(은/는) 우리에게 매우 중요합니다.
carriera,경력/이력,f,La carriera è bellissima in questo periodo.,그 carriera(은/는) 이 시기에 매우 아름답습니다.
licenziarsi,사직하다,-,L'italiano è licenziarsi.,이탈리아어는 사직하다입니다.
festivo,휴일의,m,Il festivo è molto importante per noi.,그 festivo(은/는) 우리에게 매우 중요합니다.
ferie,휴가,-,L'italiano è ferie.,이탈리아어는 휴가입니다.
lavorativo,업무의/평일의,m,Il lavorativo è molto importante per noi.,그 lavorativo(은/는) 우리에게 매우 중요합니다.
feriale,평일의,-,L'italiano è feriale.,이탈리아어는 평일의입니다.
candidato,지원자,m,Il candidato è molto importante per noi.,그 candidato(은/는) 우리에게 매우 중요합니다.
riunione,미팅/회의,-,L'italiano è riunione.,이탈리아어는 미팅/회의입니다.
collega,동료,f,La collega è bellissima in questo periodo.,그 collega(은/는) 이 시기에 매우 아름답습니다.
maternità,출산 휴가,-,L'italiano è maternità.,이탈리아어는 출산 휴가입니다.
pensione,연금/은퇴,f,La pensione è bellissima in questo periodo.,그 pensione(은/는) 이 시기에 매우 아름답습니다.
