구분,이탈리아어,한국어 뜻,성별,예문,예문 번역
읽기 어휘,visitare,방문하다,-,È necessario visitare questo compito.,이 작업을 방문하다는 것이 필요합니다.
읽기 어휘,scoprire,발견하다,-,È necessario scoprire questo compito.,이 작업을 발견하다는 것이 필요합니다.
읽기 어휘,affascinante,매력적인,-,È necessario affascinante questo compito.,이 작업을 매력적인는 것이 필요합니다.
읽기 어휘,diversificato,차별화된,m,Il diversificato è fondamentale per il successo.,diversificato(은)는 성공을 위해 필수적입니다.
읽기 어휘,stretto,좁은,m,Il stretto è fondamentale per il successo.,stretto(은)는 성공을 위해 필수적입니다.
읽기 어휘,bottega,가게,f,La bottega italiana è molto famosa.,이탈리아의 bottega(은)는 매우 유명합니다.
읽기 어휘,artigiano,장인의,m,Il artigiano è fondamentale per il successo.,artigiano(은)는 성공을 위해 필수적입니다.
읽기 어휘,cuoio,가죽,m,Il cuoio è fondamentale per il successo.,cuoio(은)는 성공을 위해 필수적입니다.
읽기 어휘,ceramico,세라믹,m,Il ceramico è fondamentale per il successo.,ceramico(은)는 성공을 위해 필수적입니다.
읽기 어휘,dipinto,그림이 새겨진,m,Il dipinto è fondamentale per il successo.,dipinto(은)는 성공을 위해 필수적입니다.
읽기 어휘,imbattersi,우연히마주하다,-,È necessario imbattersi questo compito.,이 작업을 우연히마주하다는 것이 필요합니다.
읽기 어휘,esporre,전시하다,-,È necessario esporre questo compito.,이 작업을 전시하다는 것이 필요합니다.
읽기 어휘,collezione,콜렉션,f,La collezione italiana è molto famosa.,이탈리아의 collezione(은)는 매우 유명합니다.
읽기 어휘,stilista,디자이너,f,La stilista italiana è molto famosa.,이탈리아의 stilista(은)는 매우 유명합니다.
읽기 어휘,boutique,부티크,-,È necessario boutique questo compito.,이 작업을 부티크는 것이 필요합니다.
읽기 어휘,stupito,놀란,m,Il stupito è fondamentale per il successo.,stupito(은)는 성공을 위해 필수적입니다.
읽기 어휘,capi d’abbigliamento,의류,m,Il capi d’abbigliamento è fondamentale per il successo.,capi d’abbigliamento(은)는 성공을 위해 필수적입니다.
읽기 어휘,esplorare,탐험하다,-,È necessario esplorare questo compito.,이 작업을 탐험하다는 것이 필요합니다.
읽기 어휘,immerso,몰입한,m,Il immerso è fondamentale per il successo.,immerso(은)는 성공을 위해 필수적입니다.
읽기 어휘,atmosfera,분위기,f,La atmosfera italiana è molto famosa.,이탈리아의 atmosfera(은)는 매우 유명합니다.
읽기 어휘,acquistare,구입하다,-,È necessario acquistare questo compito.,이 작업을 구입하다는 것이 필요합니다.
읽기 어휘,oggetti vintage,빈티지 상품,-,È necessario oggetti vintage questo compito.,이 작업을 빈티지 상품는 것이 필요합니다.
읽기 어휘,frugare,찾아다니다,-,È necessario frugare questo compito.,이 작업을 찾아다니다는 것이 필요합니다.
읽기 어휘,gastronomia,조리식품,f,La gastronomia italiana è molto famosa.,이탈리아의 gastronomia(은)는 매우 유명합니다.
읽기 어휘,esclusivo,비교불가한,m,Il esclusivo è fondamentale per il successo.,esclusivo(은)는 성공을 위해 필수적입니다.
관련 어휘,canottiera,메리야스형,f,La canottiera italiana è molto famosa.,이탈리아의 canottiera(은)는 매우 유명합니다.
읽기 어휘,cambiamento climatico,기후변화,m,Il cambiamento climatico è fondamentale per il successo.,cambiamento climatico(은)는 성공을 위해 필수적입니다.
읽기 어휘,urgente,긴급한,-,È necessario urgente questo compito.,이 작업을 긴급한는 것이 필요합니다.
읽기 어휘,pianeta,"지구, 행성",f,La pianeta italiana è molto famosa.,이탈리아의 pianeta(은)는 매우 유명합니다.
읽기 어휘,affrontare,직면하다,-,È necessario affrontare questo compito.,이 작업을 직면하다는 것이 필요합니다.
읽기 어휘,agire,행동에 나서다,-,È necessario agire questo compito.,이 작업을 행동에 나서다는 것이 필요합니다.
읽기 어휘,ridurre,줄이다,-,È necessario ridurre questo compito.,이 작업을 줄이다는 것이 필요합니다.
읽기 어휘,emissione,방출,f,La emissione italiana è molto famosa.,이탈리아의 emissione(은)는 매우 유명합니다.
읽기 어휘,gas serra,온실가스,f,La gas serra italiana è molto famosa.,이탈리아의 gas serra(은)는 매우 유명합니다.
읽기 어휘,effetto,효과,m,Il effetto è fondamentale per il successo.,effetto(은)는 성공을 위해 필수적입니다.
읽기 어휘,aumentare,증가하다,-,È necessario aumentare questo compito.,이 작업을 증가하다는 것이 필요합니다.
읽기 어휘,ghiaccio,얼음,m,Il ghiaccio è fondamentale per il successo.,ghiaccio(은)는 성공을 위해 필수적입니다.
읽기 어휘,calotte polari,극 빙하,-,È necessario calotte polari questo compito.,이 작업을 극 빙하는 것이 필요합니다.
읽기 어휘,sciogliersi,녹다,-,È necessario sciogliersi questo compito.,이 작업을 녹다는 것이 필요합니다.
읽기 어휘,ritmo,리듬,m,Il ritmo è fondamentale per il successo.,ritmo(은)는 성공을 위해 필수적입니다.
읽기 어휘,innalzamento,상승,m,Il innalzamento è fondamentale per il successo.,innalzamento(은)는 성공을 위해 필수적입니다.
읽기 어휘,livello di mare,해수면,-,È necessario livello di mare questo compito.,이 작업을 해수면는 것이 필요합니다.
읽기 어휘,sommergere,잠기다,-,È necessario sommergere questo compito.,이 작업을 잠기다는 것이 필요합니다.
읽기 어휘,costiero,해변의,m,Il costiero è fondamentale per il successo.,costiero(은)는 성공을 위해 필수적입니다.
읽기 어휘,urgano,허리케인,m,Il urgano è fondamentale per il successo.,urgano(은)는 성공을 위해 필수적입니다.
읽기 어휘,ondate di calore,열류,m,Il ondate di calore è fondamentale per il successo.,ondate di calore(은)는 성공을 위해 필수적입니다.
읽기 어휘,frequente,빈번한,-,È necessario frequente questo compito.,이 작업을 빈번한는 것이 필요합니다.
읽기 어휘,intenso,극심한,m,Il intenso è fondamentale per il successo.,intenso(은)는 성공을 위해 필수적입니다.
읽기 어휘,conseguenza,결과,f,La conseguenza italiana è molto famosa.,이탈리아의 conseguenza(은)는 매우 유명합니다.
읽기 어휘,devastante,황폐화된,-,È necessario devastante questo compito.,이 작업을 황폐화된는 것이 필요합니다.
읽기 어휘,alimentare,식품의,-,È necessario alimentare questo compito.,이 작업을 식품의는 것이 필요합니다.
읽기 어휘,limitare,제한하다,-,È necessario limitare questo compito.,이 작업을 제한하다는 것이 필요합니다.
읽기 어휘,peggiore,악화된,m,Il peggiore è fondamentale per il successo.,peggiore(은)는 성공을 위해 필수적입니다.
읽기 어휘,raggiungere,도달하다,-,È necessario raggiungere questo compito.,이 작업을 도달하다는 것이 필요합니다.
관련 어휘,riscaldamento globale,지구온난화,-,È necessario riscaldamento globale questo compito.,이 작업을 지구온난화는 것이 필요합니다.
관련 어휘,biosfera,생물권,f,La biosfera italiana è molto famosa.,이탈리아의 biosfera(은)는 매우 유명합니다.
관련 어휘,clima,기후,f,La clima italiana è molto famosa.,이탈리아의 clima(은)는 매우 유명합니다.
관련 어휘,meteorologia,기상학,f,La meteorologia italiana è molto famosa.,이탈리아의 meteorologia(은)는 매우 유명합니다.
관련 어휘,combustibili fossili,화석연료,-,È necessario combustibili fossili questo compito.,이 작업을 화석연료는 것이 필요합니다.
관련 어휘,energia,에너지,f,La energia italiana è molto famosa.,이탈리아의 energia(은)는 매우 유명합니다.
관련 어휘,aerosol,대기미립자,-,È necessario aerosol questo compito.,이 작업을 대기미립자는 것이 필요합니다.
관련 어휘,livelli di mare,해수면,-,È necessario livelli di mare questo compito.,이 작업을 해수면는 것이 필요합니다.
관련 어휘,inquinamento,오염,m,Il inquinamento è fondamentale per il successo.,inquinamento(은)는 성공을 위해 필수적입니다.
관련 어휘,ozono,오존,m,Il ozono è fondamentale per il successo.,ozono(은)는 성공을 위해 필수적입니다.
관련 어휘,ecosistema,생태계,f,La ecosistema italiana è molto famosa.,이탈리아의 ecosistema(은)는 매우 유명합니다.
관련 어휘,effetto serra,온실효과,f,La effetto serra italiana è molto famosa.,이탈리아의 effetto serra(은)는 매우 유명합니다.
관련 어휘,idrosfera,성층권,f,La idrosfera italiana è molto famosa.,이탈리아의 idrosfera(은)는 매우 유명합니다.
관련 어휘,rifiuti,쓰레기,-,È necessario rifiuti questo compito.,이 작업을 쓰레기는 것이 필요합니다.
읽기 어휘,relativamente,상대적으로,-,È necessario relativamente questo compito.,이 작업을 상대적으로는 것이 필요합니다.
읽기 어휘,sfida,도전,f,La sfida italiana è molto famosa.,이탈리아의 sfida(은)는 매우 유명합니다.
읽기 어휘,mercato di lavoro,노동시장,m,Il mercato di lavoro è fondamentale per il successo.,mercato di lavoro(은)는 성공을 위해 필수적입니다.
읽기 어휘,crisi finanziaria,재정위기,f,La crisi finanziaria italiana è molto famosa.,이탈리아의 crisi finanziaria(은)는 매우 유명합니다.
읽기 어휘,impatto,충격,m,Il impatto è fondamentale per il successo.,impatto(은)는 성공을 위해 필수적입니다.
읽기 어휘,essenziale,필수적인,-,È necessario essenziale questo compito.,이 작업을 필수적인는 것이 필요합니다.
읽기 어휘,politica,정책,f,La politica italiana è molto famosa.,이탈리아의 politica(은)는 매우 유명합니다.
읽기 어휘,stimolare,자극하다,-,È necessario stimolare questo compito.,이 작업을 자극하다는 것이 필요합니다.
읽기 어휘,crescita,성장,f,La crescita italiana è molto famosa.,이탈리아의 crescita(은)는 매우 유명합니다.
읽기 어휘,posti di lavoro,일자리,m,Il posti di lavoro è fondamentale per il successo.,posti di lavoro(은)는 성공을 위해 필수적입니다.
읽기 어휘,creare,창출하다,-,È necessario creare questo compito.,이 작업을 창출하다는 것이 필요합니다.
읽기 어휘,azienda,기업,f,La azienda italiana è molto famosa.,이탈리아의 azienda(은)는 매우 유명합니다.
읽기 어휘,supporto,지원,m,Il supporto è fondamentale per il successo.,supporto(은)는 성공을 위해 필수적입니다.
읽기 어휘,espandersi,팽창하다,-,È necessario espandersi questo compito.,이 작업을 팽창하다는 것이 필요합니다.
읽기 어휘,assumere,채용하다,-,È necessario assumere questo compito.,이 작업을 채용하다는 것이 필요합니다.
읽기 어휘,annunciare,알리다,-,È necessario annunciare questo compito.,이 작업을 알리다는 것이 필요합니다.
읽기 어휘,piano,계획,m,Il piano è fondamentale per il successo.,piano(은)는 성공을 위해 필수적입니다.
읽기 어휘,pandemia,팬데믹,f,La pandemia italiana è molto famosa.,이탈리아의 pandemia(은)는 매우 유명합니다.
읽기 어휘,misura,대응책,f,La misura italiana è molto famosa.,이탈리아의 misura(은)는 매우 유명합니다.
읽기 어휘,proteggere,보호하다,-,È necessario proteggere questo compito.,이 작업을 보호하다는 것이 필요합니다.
읽기 어휘,impresa,기업,f,La impresa italiana è molto famosa.,이탈리아의 impresa(은)는 매우 유명합니다.
읽기 어휘,auspicabile,희망적인,-,È necessario auspicabile questo compito.,이 작업을 희망적인는 것이 필요합니다.
읽기 어휘,investire,투자하다,-,È necessario investire questo compito.,이 작업을 투자하다는 것이 필요합니다.
관련 어휘,curriculum vitae,이력서,-,È necessario curriculum vitae questo compito.,이 작업을 이력서는 것이 필요합니다.
관련 어휘,candidati,지원자,-,È necessario candidati questo compito.,이 작업을 지원자는 것이 필요합니다.
관련 어휘,domanda,지원서,f,La domanda italiana è molto famosa.,이탈리아의 domanda(은)는 매우 유명합니다.
관련 어휘,sede,근무지 위치,-,È necessario sede questo compito.,이 작업을 근무지 위치는 것이 필요합니다.
관련 어휘,mansione,임무,f,La mansione italiana è molto famosa.,이탈리아의 mansione(은)는 매우 유명합니다.
관련 어휘,interesse,관심,-,È necessario interesse questo compito.,이 작업을 관심는 것이 필요합니다.
관련 어휘,selezionatore,채용관,m,Il selezionatore è fondamentale per il successo.,selezionatore(은)는 성공을 위해 필수적입니다.
관련 어휘,assunzione,채용,f,La assunzione italiana è molto famosa.,이탈리아의 assunzione(은)는 매우 유명합니다.
관련 어휘,adeguato,적합한,m,Il adeguato è fondamentale per il successo.,adeguato(은)는 성공을 위해 필수적입니다.
관련 어휘,lavoro,"일, 직업",m,Il lavoro è fondamentale per il successo.,lavoro(은)는 성공을 위해 필수적입니다.
관련 어휘,occupazione,직업,f,La occupazione italiana è molto famosa.,이탈리아의 occupazione(은)는 매우 유명합니다.
관련 어휘,impiegati,직원,-,È necessario impiegati questo compito.,이 작업을 직원는 것이 필요합니다.
관련 어휘,direttore,장,m,Il direttore è fondamentale per il successo.,direttore(은)는 성공을 위해 필수적입니다.
관련 어휘,stipendio,급여,m,Il stipendio è fondamentale per il successo.,stipendio(은)는 성공을 위해 필수적입니다.
관련 어휘,disoccupati,실업자,-,È necessario disoccupati questo compito.,이 작업을 실업자는 것이 필요합니다.
관련 어휘,sobrio,단순한,m,Il sobrio è fondamentale per il successo.,sobrio(은)는 성공을 위해 필수적입니다.
관련 어휘,professionale,전문적인,-,È necessario professionale questo compito.,이 작업을 전문적인는 것이 필요합니다.
관련 어휘,laureati,대졸자,-,È necessario laureati questo compito.,이 작업을 대졸자는 것이 필요합니다.
관련 어휘,colleghi,동료,-,È necessario colleghi questo compito.,이 작업을 동료는 것이 필요합니다.
관련 어휘,contratto,계약서,m,Il contratto è fondamentale per il successo.,contratto(은)는 성공을 위해 필수적입니다.
관련 어휘,lavoratore,"노동자, 작업자",m,Il lavoratore è fondamentale per il successo.,lavoratore(은)는 성공을 위해 필수적입니다.
관련 어휘,licenziare,해고하다,-,È necessario licenziare questo compito.,이 작업을 해고하다는 것이 필요합니다.
관련 어휘,tirocinio,인턴십,m,Il tirocinio è fondamentale per il successo.,tirocinio(은)는 성공을 위해 필수적입니다.
관련 어휘,concorso,경쟁모집(공고),m,Il concorso è fondamentale per il successo.,concorso(은)는 성공을 위해 필수적입니다.
관련 어휘,tempo indeterminato,무기한,m,Il tempo indeterminato è fondamentale per il successo.,tempo indeterminato(은)는 성공을 위해 필수적입니다.
관련 어휘,scadenza,기한,f,La scadenza italiana è molto famosa.,이탈리아의 scadenza(은)는 매우 유명합니다.
읽기 어휘,culinario,"음식의, 요리의",m,Il culinario è fondamentale per il successo.,culinario(은)는 성공을 위해 필수적입니다.
읽기 어휘,autentico,"진짜의, 정통의",m,Il autentico è fondamentale per il successo.,autentico(은)는 성공을 위해 필수적입니다.
읽기 어휘,esperto,전문가,m,Il esperto è fondamentale per il successo.,esperto(은)는 성공을 위해 필수적입니다.
읽기 어휘,dettaglio,상세,m,Il dettaglio è fondamentale per il successo.,dettaglio(은)는 성공을 위해 필수적입니다.
읽기 어휘,gastronomico,미식의,m,Il gastronomico è fondamentale per il successo.,gastronomico(은)는 성공을 위해 필수적입니다.
읽기 어휘,chef,요리사,-,È necessario chef questo compito.,이 작업을 요리사는 것이 필요합니다.
읽기 어휘,ingrediente,식재료,-,È necessario ingrediente questo compito.,이 작업을 식재료는 것이 필요합니다.
읽기 어휘,valorozzare,가치를 높이다,-,È necessario valorozzare questo compito.,이 작업을 가치를 높이다는 것이 필요합니다.
읽기 어휘,sapore,맛,m,Il sapore è fondamentale per il successo.,sapore(은)는 성공을 위해 필수적입니다.
읽기 어휘,appassionato,열정적인,m,Il appassionato è fondamentale per il successo.,appassionato(은)는 성공을 위해 필수적입니다.
읽기 어휘,entusiasto,열광지지자,m,Il entusiasto è fondamentale per il successo.,entusiasto(은)는 성공을 위해 필수적입니다.
읽기 어휘,orecchiette,귀모양 파스타,-,È necessario orecchiette questo compito.,이 작업을 귀모양 파스타는 것이 필요합니다.
읽기 어휘,cavatelli,"조개껍질모양 파스타,",-,È necessario cavatelli questo compito.,"이 작업을 조개껍질모양 파스타,는 것이 필요합니다."
읽기 어휘,tortellini,만두모양 파스타,-,È necessario tortellini questo compito.,이 작업을 만두모양 파스타는 것이 필요합니다.
읽기 어휘,gnocchi,수제비모양 파스타,-,È necessario gnocchi questo compito.,이 작업을 수제비모양 파스타는 것이 필요합니다.
읽기 어휘,crosta,"껍질, 표면",f,La crosta italiana è molto famosa.,이탈리아의 crosta(은)는 매우 유명합니다.
읽기 어휘,soffice,부드러운,-,È necessario soffice questo compito.,이 작업을 부드러운는 것이 필요합니다.
읽기 어휘,brodo,수프,m,Il brodo è fondamentale per il successo.,brodo(은)는 성공을 위해 필수적입니다.
읽기 어휘,bruciato,탄,m,Il bruciato è fondamentale per il successo.,bruciato(은)는 성공을 위해 필수적입니다.
읽기 어휘,passione,열정,f,La passione italiana è molto famosa.,이탈리아의 passione(은)는 매우 유명합니다.
읽기 어휘,orgoglio,자부심,m,Il orgoglio è fondamentale per il successo.,orgoglio(은)는 성공을 위해 필수적입니다.
읽기 어휘,formaggio,치즈,m,Il formaggio è fondamentale per il successo.,formaggio(은)는 성공을 위해 필수적입니다.
읽기 어휘,rinomato,"유명한, 이름있는",m,Il rinomato è fondamentale per il successo.,rinomato(은)는 성공을 위해 필수적입니다.
읽기 어휘,condivisione,"나눔, 공유",f,La condivisione italiana è molto famosa.,이탈리아의 condivisione(은)는 매우 유명합니다.
읽기 어휘,preservare,보전하다,-,È necessario preservare questo compito.,이 작업을 보전하다는 것이 필요합니다.
읽기 어휘,assaporare,맛보다,-,È necessario assaporare questo compito.,이 작업을 맛보다는 것이 필요합니다.
관련 어휘,frigorifero,냉장고,m,Il frigorifero è fondamentale per il successo.,frigorifero(은)는 성공을 위해 필수적입니다.
관련 어휘,pentola,남비,f,La pentola italiana è molto famosa.,이탈리아의 pentola(은)는 매우 유명합니다.
관련 어휘,congelatore,냉동고,m,Il congelatore è fondamentale per il successo.,congelatore(은)는 성공을 위해 필수적입니다.
관련 어휘,padella,프라이팬,f,La padella italiana è molto famosa.,이탈리아의 padella(은)는 매우 유명합니다.
관련 어휘,forno,오븐,m,Il forno è fondamentale per il successo.,forno(은)는 성공을 위해 필수적입니다.
관련 어휘,tagliere,도마,-,È necessario tagliere questo compito.,이 작업을 도마는 것이 필요합니다.
관련 어휘,lavastoviglie,식기세척기,-,È necessario lavastoviglie questo compito.,이 작업을 식기세척기는 것이 필요합니다.
관련 어휘,teglia,로스팅 판,f,La teglia italiana è molto famosa.,이탈리아의 teglia(은)는 매우 유명합니다.
관련 어휘,schiaccianoci,견과류 껍질제거기,-,È necessario schiaccianoci questo compito.,이 작업을 견과류 껍질제거기는 것이 필요합니다.
관련 어휘,grattugia,강판,f,La grattugia italiana è molto famosa.,이탈리아의 grattugia(은)는 매우 유명합니다.
관련 어휘,tostapane,토스터기,-,È necessario tostapane questo compito.,이 작업을 토스터기는 것이 필요합니다.
관련 어휘,mattarello,롤링 밀대,m,Il mattarello è fondamentale per il successo.,mattarello(은)는 성공을 위해 필수적입니다.
관련 어휘,frullatore,믹서기,m,Il frullatore è fondamentale per il successo.,frullatore(은)는 성공을 위해 필수적입니다.
관련 어휘,cavatappi,와인따개,-,È necessario cavatappi questo compito.,이 작업을 와인따개는 것이 필요합니다.
관련 어휘,imbutto,깔대기,m,Il imbutto è fondamentale per il successo.,imbutto(은)는 성공을 위해 필수적입니다.
관련 어휘,mestolo,국자,m,Il mestolo è fondamentale per il successo.,mestolo(은)는 성공을 위해 필수적입니다.
관련 어휘,scolapasta,"채, 채반",f,La scolapasta italiana è molto famosa.,이탈리아의 scolapasta(은)는 매우 유명합니다.
관련 어휘,vassoio,쟁반,m,Il vassoio è fondamentale per il successo.,vassoio(은)는 성공을 위해 필수적입니다.
관련 어휘,caffettiera,가정용 커피기구,f,La caffettiera italiana è molto famosa.,이탈리아의 caffettiera(은)는 매우 유명합니다.
관련 어휘,coltello,나이프,m,Il coltello è fondamentale per il successo.,coltello(은)는 성공을 위해 필수적입니다.
관련 어휘,piatto,접시,m,Il piatto è fondamentale per il successo.,piatto(은)는 성공을 위해 필수적입니다.
관련 어휘,forchetta,포크,f,La forchetta italiana è molto famosa.,이탈리아의 forchetta(은)는 매우 유명합니다.
관련 어휘,cucchiaio,숫가락,m,Il cucchiaio è fondamentale per il successo.,cucchiaio(은)는 성공을 위해 필수적입니다.
관련 어휘,bicchiere,컵,-,È necessario bicchiere questo compito.,이 작업을 컵는 것이 필요합니다.
관련 어휘,tazza,잔,f,La tazza italiana è molto famosa.,이탈리아의 tazza(은)는 매우 유명합니다.
관련 어휘,zuccheriera,설탕통,f,La zuccheriera italiana è molto famosa.,이탈리아의 zuccheriera(은)는 매우 유명합니다.
관련 어휘,teiera,차용 주전자,f,La teiera italiana è molto famosa.,이탈리아의 teiera(은)는 매우 유명합니다.
관련 어휘,caraffa,물병,f,La caraffa italiana è molto famosa.,이탈리아의 caraffa(은)는 매우 유명합니다.
대화문 어휘,nessuno,등이며 수동문에서 이 주어들은 등장하지 않는다.,m,Il nessuno è fondamentale per il successo.,nessuno(은)는 성공을 위해 필수적입니다.
읽기 어휘,caratterizzare,특징지우다,-,È necessario caratterizzare questo compito.,이 작업을 특징지우다는 것이 필요합니다.
읽기 어휘,dinamica,프로세스,f,La dinamica italiana è molto famosa.,이탈리아의 dinamica(은)는 매우 유명합니다.
읽기 어휘,approfondire,깊이있게 다루다,-,È necessario approfondire questo compito.,이 작업을 깊이있게 다루다는 것이 필요합니다.
읽기 어휘,duputati,하원,-,È necessario duputati questo compito.,이 작업을 하원는 것이 필요합니다.
읽기 어휘,senato,상원,m,Il senato è fondamentale per il successo.,senato(은)는 성공을 위해 필수적입니다.
읽기 어휘,votare,투표하다,-,È necessario votare questo compito.,이 작업을 투표하다는 것이 필요합니다.
읽기 어휘,rappresentante,대표자,-,È necessario rappresentante questo compito.,이 작업을 대표자는 것이 필요합니다.
읽기 어휘,criticare,비난하다,-,È necessario criticare questo compito.,이 작업을 비난하다는 것이 필요합니다.
읽기 어휘,lentezza,느림,f,La lentezza italiana è molto famosa.,이탈리아의 lentezza(은)는 매우 유명합니다.
읽기 어휘,inefficienza,비효율,f,La inefficienza italiana è molto famosa.,이탈리아의 inefficienza(은)는 매우 유명합니다.
읽기 어휘,sollevare,들어올리다,-,È necessario sollevare questo compito.,이 작업을 들어올리다는 것이 필요합니다.
읽기 어휘,burocrazia,관료주의,f,La burocrazia italiana è molto famosa.,이탈리아의 burocrazia(은)는 매우 유명합니다.
읽기 어휘,corruzione,부패,f,La corruzione italiana è molto famosa.,이탈리아의 corruzione(은)는 매우 유명합니다.
읽기 어휘,funzionamento,기능,m,Il funzionamento è fondamentale per il successo.,funzionamento(은)는 성공을 위해 필수적입니다.
읽기 어휘,istituzione,기관,f,La istituzione italiana è molto famosa.,이탈리아의 istituzione(은)는 매우 유명합니다.
읽기 어휘,coalizione,연합 제휴,f,La coalizione italiana è molto famosa.,이탈리아의 coalizione(은)는 매우 유명합니다.
읽기 어휘,ministro,장관,m,Il ministro è fondamentale per il successo.,ministro(은)는 성공을 위해 필수적입니다.
읽기 어휘,nominare,임명하다,-,È necessario nominare questo compito.,이 작업을 임명하다는 것이 필요합니다.
읽기 어휘,subire,"감수하다, 겪다",-,È necessario subire questo compito.,"이 작업을 감수하다, 겪다는 것이 필요합니다."
읽기 어휘,riforma,개혁,f,La riforma italiana è molto famosa.,이탈리아의 riforma(은)는 매우 유명합니다.
읽기 어휘,efficienza,효율,f,La efficienza italiana è molto famosa.,이탈리아의 efficienza(은)는 매우 유명합니다.
읽기 어휘,trasparenza,투명성,f,La trasparenza italiana è molto famosa.,이탈리아의 trasparenza(은)는 매우 유명합니다.
읽기 어휘,garantire,보장하다,-,È necessario garantire questo compito.,이 작업을 보장하다는 것이 필요합니다.
관련 어휘,Governo,정부,m,Il Governo è fondamentale per il successo.,Governo(은)는 성공을 위해 필수적입니다.
관련 어휘,popolo,국민,m,Il popolo è fondamentale per il successo.,popolo(은)는 성공을 위해 필수적입니다.
관련 어휘,Primo ministro,총리,m,Il Primo ministro è fondamentale per il successo.,Primo ministro(은)는 성공을 위해 필수적입니다.
관련 어휘,democrazia,민주주의,f,La democrazia italiana è molto famosa.,이탈리아의 democrazia(은)는 매우 유명합니다.
관련 어휘,sicurezza,안전,f,La sicurezza italiana è molto famosa.,이탈리아의 sicurezza(은)는 매우 유명합니다.
관련 어휘,elezioni,선출,-,È necessario elezioni questo compito.,이 작업을 선출는 것이 필요합니다.
관련 어휘,sinistra destra centro,"좌, 우, 중도",m,Il sinistra destra centro è fondamentale per il successo.,sinistra destra centro(은)는 성공을 위해 필수적입니다.
관련 어휘,partito,정당,m,Il partito è fondamentale per il successo.,partito(은)는 성공을 위해 필수적입니다.
관련 어휘,Ministero,국가부처,m,Il Ministero è fondamentale per il successo.,Ministero(은)는 성공을 위해 필수적입니다.
관련 어휘,emergenza,긴급상황,f,La emergenza italiana è molto famosa.,이탈리아의 emergenza(은)는 매우 유명합니다.
관련 어휘,cittadino,시민,m,Il cittadino è fondamentale per il successo.,cittadino(은)는 성공을 위해 필수적입니다.
관련 어휘,gabinetto,내각,m,Il gabinetto è fondamentale per il successo.,gabinetto(은)는 성공을 위해 필수적입니다.
관련 어휘,deputati,하원의원,-,È necessario deputati questo compito.,이 작업을 하원의원는 것이 필요합니다.
관련 어휘,senatori,상원의원,-,È necessario senatori questo compito.,이 작업을 상원의원는 것이 필요합니다.
관련 어휘,Capo dello Stato,국가의 장,m,Il Capo dello Stato è fondamentale per il successo.,Capo dello Stato(은)는 성공을 위해 필수적입니다.
관련 어휘,Capo del Governo,정부의 장,m,Il Capo del Governo è fondamentale per il successo.,Capo del Governo(은)는 성공을 위해 필수적입니다.
관련 어휘,Parlamento,국회,m,Il Parlamento è fondamentale per il successo.,Parlamento(은)는 성공을 위해 필수적입니다.
관련 어휘,parlamentari,국회의원,-,È necessario parlamentari questo compito.,이 작업을 국회의원는 것이 필요합니다.
관련 어휘,conferenza stampa,기자회견,f,La conferenza stampa italiana è molto famosa.,이탈리아의 conferenza stampa(은)는 매우 유명합니다.
관련 어휘,Assemblea Nazionale,국회회의,-,È necessario Assemblea Nazionale questo compito.,이 작업을 국회회의는 것이 필요합니다.
관련 어휘,amministrazione,행정,f,La amministrazione italiana è molto famosa.,이탈리아의 amministrazione(은)는 매우 유명합니다.
관련 어휘,Consiglio di Stato,국무회의,m,Il Consiglio di Stato è fondamentale per il successo.,Consiglio di Stato(은)는 성공을 위해 필수적입니다.
읽기 어휘,impronta,족적,f,La impronta italiana è molto famosa.,이탈리아의 impronta(은)는 매우 유명합니다.
읽기 어휘,significativo,의미있는,m,Il significativo è fondamentale per il successo.,significativo(은)는 성공을 위해 필수적입니다.
읽기 어휘,altrove,다른 곳에,-,È necessario altrove questo compito.,이 작업을 다른 곳에는 것이 필요합니다.
읽기 어휘,migliore,더나은,m,Il migliore è fondamentale per il successo.,migliore(은)는 성공을 위해 필수적입니다.
읽기 어휘,ondata,물결,f,La ondata italiana è molto famosa.,이탈리아의 ondata(은)는 매우 유명합니다.
읽기 어휘,migratorio,이주의,m,Il migratorio è fondamentale per il successo.,migratorio(은)는 성공을 위해 필수적입니다.
읽기 어휘,destinazione,목적지,f,La destinazione italiana è molto famosa.,이탈리아의 destinazione(은)는 매우 유명합니다.
읽기 어휘,trasformarsi,변형되다,-,È necessario trasformarsi questo compito.,이 작업을 변형되다는 것이 필요합니다.
읽기 어휘,popolare,인기있는,-,È necessario popolare questo compito.,이 작업을 인기있는는 것이 필요합니다.
읽기 어휘,stabilirsi,정착하다,-,È necessario stabilirsi questo compito.,이 작업을 정착하다는 것이 필요합니다.
읽기 어휘,motivazione,이유,f,La motivazione italiana è molto famosa.,이탈리아의 motivazione(은)는 매우 유명합니다.
읽기 어휘,affligere,괴롭히다,-,È necessario affligere questo compito.,이 작업을 괴롭히다는 것이 필요합니다.
읽기 어휘,prospettiva,전망,f,La prospettiva italiana è molto famosa.,이탈리아의 prospettiva(은)는 매우 유명합니다.
읽기 어휘,spingere,떠밀다,-,È necessario spingere questo compito.,이 작업을 떠밀다는 것이 필요합니다.
읽기 어휘,fuga,도망,f,La fuga italiana è molto famosa.,이탈리아의 fuga(은)는 매우 유명합니다.
읽기 어휘,periodico,주기적인,m,Il periodico è fondamentale per il successo.,periodico(은)는 성공을 위해 필수적입니다.
읽기 어휘,conflitto,"갈등, 다툼",m,Il conflitto è fondamentale per il successo.,conflitto(은)는 성공을 위해 필수적입니다.
읽기 어휘,coinvolgere,개입하게하다,-,È necessario coinvolgere questo compito.,이 작업을 개입하게하다는 것이 필요합니다.
읽기 어휘,inviare,"보내다, 부치다",-,È necessario inviare questo compito.,"이 작업을 보내다, 부치다는 것이 필요합니다."
읽기 어휘,regolarmente,정기적으로,-,È necessario regolarmente questo compito.,이 작업을 정기적으로는 것이 필요합니다.
읽기 어휘,finanziario,금융의,m,Il finanziario è fondamentale per il successo.,finanziario(은)는 성공을 위해 필수적입니다.
읽기 어휘,paesi ospitanti,이주국,-,È necessario paesi ospitanti questo compito.,이 작업을 이주국는 것이 필요합니다.
관련 어휘,permesso di soggiorno,체류허가증,m,Il permesso di soggiorno è fondamentale per il successo.,permesso di soggiorno(은)는 성공을 위해 필수적입니다.
관련 어휘,richuedente asilo,망명신청자,m,Il richuedente asilo è fondamentale per il successo.,richuedente asilo(은)는 성공을 위해 필수적입니다.
관련 어휘,clandestini,불법입국자,-,È necessario clandestini questo compito.,이 작업을 불법입국자는 것이 필요합니다.
관련 어휘,rifugiato,난민,m,Il rifugiato è fondamentale per il successo.,rifugiato(은)는 성공을 위해 필수적입니다.
관련 어휘,migrazione circolare,순회이주,-,È necessario migrazione circolare questo compito.,이 작업을 순회이주는 것이 필요합니다.
관련 어휘,beneficiario,수혜자,m,Il beneficiario è fondamentale per il successo.,beneficiario(은)는 성공을 위해 필수적입니다.
관련 어휘,apolide,무국적,-,È necessario apolide questo compito.,이 작업을 무국적는 것이 필요합니다.
관련 어휘,vittima di tratta,인신매매 피해자,f,La vittima di tratta italiana è molto famosa.,이탈리아의 vittima di tratta(은)는 매우 유명합니다.
관련 어휘,cittadinanza,시민권,f,La cittadinanza italiana è molto famosa.,이탈리아의 cittadinanza(은)는 매우 유명합니다.
관련 어휘,coesione sociale,사회적 응집력,-,È necessario coesione sociale questo compito.,이 작업을 사회적 응집력는 것이 필요합니다.
관련 어휘,mediatore culturale,문화조정자,-,È necessario mediatore culturale questo compito.,이 작업을 문화조정자는 것이 필요합니다.
관련 어휘,migrante,이주자,-,È necessario migrante questo compito.,이 작업을 이주자는 것이 필요합니다.
관련 어휘,diaspora,디아스포라,f,La diaspora italiana è molto famosa.,이탈리아의 diaspora(은)는 매우 유명합니다.
관련 어휘,sfollato,피난온,m,Il sfollato è fondamentale per il successo.,sfollato(은)는 성공을 위해 필수적입니다.
관련 어휘,rimpatrio,송환,m,Il rimpatrio è fondamentale per il successo.,rimpatrio(은)는 성공을 위해 필수적입니다.
관련 어휘,accoglienza,환대,f,La accoglienza italiana è molto famosa.,이탈리아의 accoglienza(은)는 매우 유명합니다.
관련 어휘,espulsione,추방,f,La espulsione italiana è molto famosa.,이탈리아의 espulsione(은)는 매우 유명합니다.
관련 어휘,integrazione,통합,f,La integrazione italiana è molto famosa.,이탈리아의 integrazione(은)는 매우 유명합니다.
관련 어휘,ricollocazione,재배치,f,La ricollocazione italiana è molto famosa.,이탈리아의 ricollocazione(은)는 매우 유명합니다.
단어장,occasione,기회,f,La occasione italiana è molto famosa.,이탈리아의 occasione(은)는 매우 유명합니다.
단어장,praticare,실습하다,-,È necessario praticare questo compito.,이 작업을 실습하다는 것이 필요합니다.
단어장,migliorare,나아지게,-,È necessario migliorare questo compito.,이 작업을 나아지게는 것이 필요합니다.
단어장,conoscenza,지식,f,La conoscenza italiana è molto famosa.,이탈리아의 conoscenza(은)는 매우 유명합니다.
단어장,ridere,웃다,-,È necessario ridere questo compito.,이 작업을 웃다는 것이 필요합니다.
단어장,metodo,방법,m,Il metodo è fondamentale per il successo.,metodo(은)는 성공을 위해 필수적입니다.
단어장,efficace,효과적인,-,È necessario efficace questo compito.,이 작업을 효과적인는 것이 필요합니다.
단어장,interattivo,상호작용적,m,Il interattivo è fondamentale per il successo.,interattivo(은)는 성공을 위해 필수적입니다.
단어장,frequentare,교류하다,-,È necessario frequentare questo compito.,이 작업을 교류하다는 것이 필요합니다.
단어장,blusa,블라우스,f,La blusa italiana è molto famosa.,이탈리아의 blusa(은)는 매우 유명합니다.
단어장,blazer,콤비자켓,-,È necessario blazer questo compito.,이 작업을 콤비자켓는 것이 필요합니다.
단어장,pigiama,파자마,f,La pigiama italiana è molto famosa.,이탈리아의 pigiama(은)는 매우 유명합니다.
단어장,borsa,백,f,La borsa italiana è molto famosa.,이탈리아의 borsa(은)는 매우 유명합니다.
단어장,maglione,스웨터,-,È necessario maglione questo compito.,이 작업을 스웨터는 것이 필요합니다.
단어장,giacca,자켓,f,La giacca italiana è molto famosa.,이탈리아의 giacca(은)는 매우 유명합니다.
단어장,"camicia da 
notte",나이트,-,"È necessario camicia da 
notte questo compito.",이 작업을 나이트는 것이 필요합니다.
단어장,borsetta,핸드백,f,La borsetta italiana è molto famosa.,이탈리아의 borsetta(은)는 매우 유명합니다.
단어장,cardigan,카디건,-,È necessario cardigan questo compito.,이 작업을 카디건는 것이 필요합니다.
단어장,giacca sportiva,스포츠,f,La giacca sportiva italiana è molto famosa.,이탈리아의 giacca sportiva(은)는 매우 유명합니다.
단어장,babydoll,여성용,-,È necessario babydoll questo compito.,이 작업을 여성용는 것이 필요합니다.
단어장,portafoglio,지갑,m,Il portafoglio è fondamentale per il successo.,portafoglio(은)는 성공을 위해 필수적입니다.
단어장,top,톱,-,È necessario top questo compito.,이 작업을 톱는 것이 필요합니다.
단어장,cappotto,코트,m,Il cappotto è fondamentale per il successo.,cappotto(은)는 성공을 위해 필수적입니다.
단어장,reggiseno,브라,m,Il reggiseno è fondamentale per il successo.,reggiseno(은)는 성공을 위해 필수적입니다.
단어장,zaino,백팩,m,Il zaino è fondamentale per il successo.,zaino(은)는 성공을 위해 필수적입니다.
단어장,camicia,셔츠,f,La camicia italiana è molto famosa.,이탈리아의 camicia(은)는 매우 유명합니다.
단어장,frac,연미복,-,È necessario frac questo compito.,이 작업을 연미복는 것이 필요합니다.
단어장,corsetto,코르셋,m,Il corsetto è fondamentale per il successo.,corsetto(은)는 성공을 위해 필수적입니다.
단어장,cintura,벨트,f,La cintura italiana è molto famosa.,이탈리아의 cintura(은)는 매우 유명합니다.
단어장,maglietta,티셔츠,f,La maglietta italiana è molto famosa.,이탈리아의 maglietta(은)는 매우 유명합니다.
단어장,gilet,조끼,-,È necessario gilet questo compito.,이 작업을 조끼는 것이 필요합니다.
단어장,mutande,팬티,-,È necessario mutande questo compito.,이 작업을 팬티는 것이 필요합니다.
단어장,collant,팬티스,-,È necessario collant questo compito.,이 작업을 팬티스는 것이 필요합니다.
단어장,abito smoking,턱시도,-,È necessario abito smoking questo compito.,이 작업을 턱시도는 것이 필요합니다.
단어장,perizoma,여성용팬티,f,La perizoma italiana è molto famosa.,이탈리아의 perizoma(은)는 매우 유명합니다.
단어장,bretelle,멜빵,-,È necessario bretelle questo compito.,이 작업을 멜빵는 것이 필요합니다.
단어장,gonna,스커트,f,La gonna italiana è molto famosa.,이탈리아의 gonna(은)는 매우 유명합니다.
단어장,panciotto,양복조끼,m,Il panciotto è fondamentale per il successo.,panciotto(은)는 성공을 위해 필수적입니다.
단어장,boxer,사각팬티,-,È necessario boxer questo compito.,이 작업을 사각팬티는 것이 필요합니다.
단어장,minigonna,미니,f,La minigonna italiana è molto famosa.,이탈리아의 minigonna(은)는 매우 유명합니다.
단어장,polo,폴로티셔츠,m,Il polo è fondamentale per il successo.,polo(은)는 성공을 위해 필수적입니다.
단어장,cravatta,넥타이,f,La cravatta italiana è molto famosa.,이탈리아의 cravatta(은)는 매우 유명합니다.
단어장,jeans,진바지,-,È necessario jeans questo compito.,이 작업을 진바지는 것이 필요합니다.
단어장,giacca di pelle,가죽자켓,-,È necessario giacca di pelle questo compito.,이 작업을 가죽자켓는 것이 필요합니다.
단어장,scarpe,슈즈,-,È necessario scarpe questo compito.,이 작업을 슈즈는 것이 필요합니다.
단어장,cappello,모자,m,Il cappello è fondamentale per il successo.,cappello(은)는 성공을 위해 필수적입니다.
단어장,cini,반바지,-,È necessario cini questo compito.,이 작업을 반바지는 것이 필요합니다.
단어장,impermeabile,방수형,-,È necessario impermeabile questo compito.,이 작업을 방수형는 것이 필요합니다.
단어장,pantofole,슬리퍼,-,È necessario pantofole questo compito.,이 작업을 슬리퍼는 것이 필요합니다.
단어장,guanti,장갑,-,È necessario guanti questo compito.,이 작업을 장갑는 것이 필요합니다.
단어장,pantaloni,바지,-,È necessario pantaloni questo compito.,이 작업을 바지는 것이 필요합니다.
단어장,sandali,샌들,-,È necessario sandali questo compito.,이 작업을 샌들는 것이 필요합니다.
단어장,sciarpa,스카프,f,La sciarpa italiana è molto famosa.,이탈리아의 sciarpa(은)는 매우 유명합니다.
단어장,tailleur,여성양장,-,È necessario tailleur questo compito.,이 작업을 여성양장는 것이 필요합니다.
단어장,"abito da
cerimonia",예복,f,"La abito da
cerimonia italiana è molto famosa.","이탈리아의 abito da
cerimonia(은)는 매우 유명합니다."
단어장,stivali,부츠,-,È necessario stivali questo compito.,이 작업을 부츠는 것이 필요합니다.
단어장,"occhiali da
sole",썬글라스,-,"È necessario occhiali da
sole questo compito.",이 작업을 썬글라스는 것이 필요합니다.
단어장,"abito 
peplo
blazer",드레스,-,"È necessario abito 
peplo
blazer questo compito.",이 작업을 드레스는 것이 필요합니다.
단어장,tuta,추리닝,f,La tuta italiana è molto famosa.,이탈리아의 tuta(은)는 매우 유명합니다.
단어장,loafers,끈,-,È necessario loafers questo compito.,이 작업을 끈는 것이 필요합니다.
단어장,gioielli,주얼리,-,È necessario gioielli questo compito.,이 작업을 주얼리는 것이 필요합니다.
단어장,tubino,튜브형,m,Il tubino è fondamentale per il successo.,tubino(은)는 성공을 위해 필수적입니다.
단어장,giubotto,겨울재킷,m,Il giubotto è fondamentale per il successo.,giubotto(은)는 성공을 위해 필수적입니다.
단어장,sneakers,운동화,-,È necessario sneakers questo compito.,이 작업을 운동화는 것이 필요합니다.
단어장,orologio,시계,m,Il orologio è fondamentale per il successo.,orologio(은)는 성공을 위해 필수적입니다.
단어장,articolo,기사,m,Il articolo è fondamentale per il successo.,articolo(은)는 성공을 위해 필수적입니다.
단어장,emettere,방출하다,-,È necessario emettere questo compito.,이 작업을 방출하다는 것이 필요합니다.
단어장,specie,종,-,È necessario specie questo compito.,이 작업을 종는 것이 필요합니다.
단어장,estinguersi,소멸되다,-,È necessario estinguersi questo compito.,이 작업을 소멸되다는 것이 필요합니다.
단어장,habitat naturali,자연서식지,-,È necessario habitat naturali questo compito.,이 작업을 자연서식지는 것이 필요합니다.
단어장,rallentare,늦추다,-,È necessario rallentare questo compito.,이 작업을 늦추다는 것이 필요합니다.
단어장,tasso di estinzione,소멸율,f,La tasso di estinzione italiana è molto famosa.,이탈리아의 tasso di estinzione(은)는 매우 유명합니다.
단어장,obiettivo,목표,m,Il obiettivo è fondamentale per il successo.,obiettivo(은)는 성공을 위해 필수적입니다.
단어장,catastrofico,재앙의,m,Il catastrofico è fondamentale per il successo.,catastrofico(은)는 성공을 위해 필수적입니다.
단어장,meteorologico,기상의,m,Il meteorologico è fondamentale per il successo.,meteorologico(은)는 성공을 위해 필수적입니다.
단어장,uragano,허리케인,m,Il uragano è fondamentale per il successo.,uragano(은)는 성공을 위해 필수적입니다.
단어장,alluvione,홍수,-,È necessario alluvione questo compito.,이 작업을 홍수는 것이 필요합니다.
단어장,combattere,퇴치하다,-,È necessario combattere questo compito.,이 작업을 퇴치하다는 것이 필요합니다.
단어장,arduo,힘든,m,Il arduo è fondamentale per il successo.,arduo(은)는 성공을 위해 필수적입니다.
단어장,stile di vita,생활방식,f,La stile di vita italiana è molto famosa.,이탈리아의 stile di vita(은)는 매우 유명합니다.
단어장,mezzi di trasporto,수송수단,m,Il mezzi di trasporto è fondamentale per il successo.,mezzi di trasporto(은)는 성공을 위해 필수적입니다.
단어장,ecologico,생태계의,m,Il ecologico è fondamentale per il successo.,ecologico(은)는 성공을 위해 필수적입니다.
단어장,temperatura media,평균기온,f,La temperatura media italiana è molto famosa.,이탈리아의 temperatura media(은)는 매우 유명합니다.
단어장,scenario,시나리오,m,Il scenario è fondamentale per il successo.,scenario(은)는 성공을 위해 필수적입니다.
단어장,verificarsi,확인되다,-,È necessario verificarsi questo compito.,이 작업을 확인되다는 것이 필요합니다.
단어장,irreversibile,불가역적,-,È necessario irreversibile questo compito.,이 작업을 불가역적는 것이 필요합니다.
단어장,trsformare,변형시키다,-,È necessario trsformare questo compito.,이 작업을 변형시키다는 것이 필요합니다.
단어장,desertificazione,사막화,f,La desertificazione italiana è molto famosa.,이탈리아의 desertificazione(은)는 매우 유명합니다.
단어장,estinzione,소멸,f,La estinzione italiana è molto famosa.,이탈리아의 estinzione(은)는 매우 유명합니다.
단어장,umanitario,인도주의적,m,Il umanitario è fondamentale per il successo.,umanitario(은)는 성공을 위해 필수적입니다.
단어장,migrazione,이주,f,La migrazione italiana è molto famosa.,이탈리아의 migrazione(은)는 매우 유명합니다.
단어장,forzato,강제적,m,Il forzato è fondamentale per il successo.,forzato(은)는 성공을 위해 필수적입니다.
단어장,tornare in dietro,뒤로,m,Il tornare in dietro è fondamentale per il successo.,tornare in dietro(은)는 성공을 위해 필수적입니다.
단어장,notare,알아채다,-,È necessario notare questo compito.,이 작업을 알아채다는 것이 필요합니다.
단어장,immondizia,쓰레기,f,La immondizia italiana è molto famosa.,이탈리아의 immondizia(은)는 매우 유명합니다.
단어장,spaziale,공간의,-,È necessario spaziale questo compito.,이 작업을 공간의는 것이 필요합니다.
단어장,orbita,궤도,f,La orbita italiana è molto famosa.,이탈리아의 orbita(은)는 매우 유명합니다.
단어장,sparire,사라지다,-,È necessario sparire questo compito.,이 작업을 사라지다는 것이 필요합니다.
단어장,apparire,나타나다,-,È necessario apparire questo compito.,이 작업을 나타나다는 것이 필요합니다.
단어장,milione,백만,-,È necessario milione questo compito.,이 작업을 백만는 것이 필요합니다.
단어장,estinto,소멸된,m,Il estinto è fondamentale per il successo.,estinto(은)는 성공을 위해 필수적입니다.
단어장,fitoflancton,피토플랑크톤,-,È necessario fitoflancton questo compito.,이 작업을 피토플랑크톤는 것이 필요합니다.
단어장,miliardo,십억,m,Il miliardo è fondamentale per il successo.,miliardo(은)는 성공을 위해 필수적입니다.
단어장,tonnellata,톤,f,La tonnellata italiana è molto famosa.,이탈리아의 tonnellata(은)는 매우 유명합니다.
단어장,sviluppo sostenibile,지속가능한,-,È necessario sviluppo sostenibile questo compito.,이 작업을 지속가능한는 것이 필요합니다.
단어장,acidificazione degli oceani,대양,-,È necessario acidificazione degli oceani questo compito.,이 작업을 대양는 것이 필요합니다.
단어장,allagamento,홍수,m,Il allagamento è fondamentale per il successo.,allagamento(은)는 성공을 위해 필수적입니다.
단어장,che,직설법,-,È necessario che questo compito.,이 작업을 직설법는 것이 필요합니다.
단어장,ottimo,최상의,m,Il ottimo è fondamentale per il successo.,ottimo(은)는 성공을 위해 필수적입니다.
단어장,apprezzare,칭찬하다,-,È necessario apprezzare questo compito.,이 작업을 칭찬하다는 것이 필요합니다.
단어장,unirsi,합치다,-,È necessario unirsi questo compito.,이 작업을 합치다는 것이 필요합니다.
단어장,deluso,실망한,m,Il deluso è fondamentale per il successo.,deluso(은)는 성공을 위해 필수적입니다.
단어장,ruolo,역할,m,Il ruolo è fondamentale per il successo.,ruolo(은)는 성공을 위해 필수적입니다.
단어장,affidare,맡기다,-,È necessario affidare questo compito.,이 작업을 맡기다는 것이 필요합니다.
단어장,fiducia,신뢰,f,La fiducia italiana è molto famosa.,이탈리아의 fiducia(은)는 매우 유명합니다.
단어장,realizzare,실현하다,-,È necessario realizzare questo compito.,이 작업을 실현하다는 것이 필요합니다.
단어장,partecipare,참가하다,-,È necessario partecipare questo compito.,이 작업을 참가하다는 것이 필요합니다.
단어장,riunione,회의,-,È necessario riunione questo compito.,이 작업을 회의는 것이 필요합니다.
단어장,dispiacere,등,-,È necessario dispiacere questo compito.,이 작업을 등는 것이 필요합니다.
단어장,tasso di disoccupazione,실업율,f,La tasso di disoccupazione italiana è molto famosa.,이탈리아의 tasso di disoccupazione(은)는 매우 유명합니다.
단어장,istruzione,훈련,f,La istruzione italiana è molto famosa.,이탈리아의 istruzione(은)는 매우 유명합니다.
단어장,formazione professionale,전문교육,-,È necessario formazione professionale questo compito.,이 작업을 전문교육는 것이 필요합니다.
단어장,scuola superiore,고등학교,m,Il scuola superiore è fondamentale per il successo.,scuola superiore(은)는 성공을 위해 필수적입니다.
단어장,istituti privati,사설학원,-,È necessario istituti privati questo compito.,이 작업을 사설학원는 것이 필요합니다.
단어장,l’esame d’ammissione,입학시험,f,La l’esame d’ammissione italiana è molto famosa.,이탈리아의 l’esame d’ammissione(은)는 매우 유명합니다.
단어장,gestire,운영하다,-,È necessario gestire questo compito.,이 작업을 운영하다는 것이 필요합니다.
단어장,collegare,연결하다,-,È necessario collegare questo compito.,이 작업을 연결하다는 것이 필요합니다.
단어장,carriera,경력,f,La carriera italiana è molto famosa.,이탈리아의 carriera(은)는 매우 유명합니다.
단어장,spettare,관련되다,-,È necessario spettare questo compito.,이 작업을 관련되다는 것이 필요합니다.
단어장,incoerenza,불일치,f,La incoerenza italiana è molto famosa.,이탈리아의 incoerenza(은)는 매우 유명합니다.
단어장,laurea,대학학위,f,La laurea italiana è molto famosa.,이탈리아의 laurea(은)는 매우 유명합니다.
단어장,disciplina,전공교과,f,La disciplina italiana è molto famosa.,이탈리아의 disciplina(은)는 매우 유명합니다.
단어장,pratica,실용,f,La pratica italiana è molto famosa.,이탈리아의 pratica(은)는 매우 유명합니다.
단어장,ripetere,반복하다,-,È necessario ripetere questo compito.,이 작업을 반복하다는 것이 필요합니다.
단어장,essere d’accordo,동의하다,m,Il essere d’accordo è fondamentale per il successo.,essere d’accordo(은)는 성공을 위해 필수적입니다.
단어장,sottile,얇은,-,È necessario sottile questo compito.,이 작업을 얇은는 것이 필요합니다.
단어장,ingredienti,식재료,-,È necessario ingredienti questo compito.,이 작업을 식재료는 것이 필요합니다.
단어장,mozzarella di bufala,물소모차렐라치즈,f,La mozzarella di bufala italiana è molto famosa.,이탈리아의 mozzarella di bufala(은)는 매우 유명합니다.
단어장,delizioso,맛있는,m,Il delizioso è fondamentale per il successo.,delizioso(은)는 성공을 위해 필수적입니다.
단어장,base,베이스,-,È necessario base questo compito.,이 작업을 베이스는 것이 필요합니다.
단어장,formato,형태,m,Il formato è fondamentale per il successo.,formato(은)는 성공을 위해 필수적입니다.
단어장,aveva sonno,과거,m,Il aveva sonno è fondamentale per il successo.,aveva sonno(은)는 성공을 위해 필수적입니다.
단어장,letto avrebbe letto,주절과,m,Il letto avrebbe letto è fondamentale per il successo.,letto avrebbe letto(은)는 성공을 위해 필수적입니다.
단어장,infinito,로,m,Il infinito è fondamentale per il successo.,infinito(은)는 성공을 위해 필수적입니다.
단어장,vedessi,반과거,-,È necessario vedessi questo compito.,이 작업을 반과거는 것이 필요합니다.
단어장,guardassi,근과거,-,È necessario guardassi questo compito.,이 작업을 근과거는 것이 필요합니다.
단어장,avessi visto,원과거,m,Il avessi visto è fondamentale per il successo.,avessi visto(은)는 성공을 위해 필수적입니다.
단어장,avessi capito,대과거,m,Il avessi capito è fondamentale per il successo.,avessi capito(은)는 성공을 위해 필수적입니다.
단어장,avessi letto,단순미래,m,Il avessi letto è fondamentale per il successo.,avessi letto(은)는 성공을 위해 필수적입니다.
단어장,avrei fatto,선립미래,m,Il avrei fatto è fondamentale per il successo.,avrei fatto(은)는 성공을 위해 필수적입니다.
단어장,cucina,음식,f,La cucina italiana è molto famosa.,이탈리아의 cucina(은)는 매우 유명합니다.
단어장,pasti,식사,-,È necessario pasti questo compito.,이 작업을 식사는 것이 필요합니다.
단어장,giornaliero,하루의,m,Il giornaliero è fondamentale per il successo.,giornaliero(은)는 성공을 위해 필수적입니다.
단어장,prevedere,예견하다,-,È necessario prevedere questo compito.,이 작업을 예견하다는 것이 필요합니다.
단어장,piatti,접시,-,È necessario piatti questo compito.,이 작업을 접시는 것이 필요합니다.
단어장,dividere,나누다,-,È necessario dividere questo compito.,이 작업을 나누다는 것이 필요합니다.
단어장,pietanze,음식,-,È necessario pietanze questo compito.,이 작업을 음식는 것이 필요합니다.
단어장,contorno,사이드,m,Il contorno è fondamentale per il successo.,contorno(은)는 성공을 위해 필수적입니다.
단어장,contenere,포함하다,-,È necessario contenere questo compito.,이 작업을 포함하다는 것이 필요합니다.
단어장,piccante,매운,-,È necessario piccante questo compito.,이 작업을 매운는 것이 필요합니다.
단어장,accompagnare,동반하다,-,È necessario accompagnare questo compito.,이 작업을 동반하다는 것이 필요합니다.
단어장,minestra,죽,f,La minestra italiana è molto famosa.,이탈리아의 minestra(은)는 매우 유명합니다.
단어장,cipolla,양파,f,La cipolla italiana è molto famosa.,이탈리아의 cipolla(은)는 매우 유명합니다.
단어장,cipollotto,파,m,Il cipollotto è fondamentale per il successo.,cipollotto(은)는 성공을 위해 필수적입니다.
단어장,noodles,면,-,È necessario noodles questo compito.,이 작업을 면는 것이 필요합니다.
단어장,trasparente,투명한,-,È necessario trasparente questo compito.,이 작업을 투명한는 것이 필요합니다.
단어장,verdure,야채,-,È necessario verdure questo compito.,이 작업을 야채는 것이 필요합니다.
단어장,manzo,쇠고기,m,Il manzo è fondamentale per il successo.,manzo(은)는 성공을 위해 필수적입니다.
단어장,semi di sesame,깨,-,È necessario semi di sesame questo compito.,이 작업을 깨는 것이 필요합니다.
단어장,potere legislativo,입법권,m,Il potere legislativo è fondamentale per il successo.,potere legislativo(은)는 성공을 위해 필수적입니다.
단어장,detenere,지니다,-,È necessario detenere questo compito.,이 작업을 지니다는 것이 필요합니다.
단어장,approvare,승인하다,-,È necessario approvare questo compito.,이 작업을 승인하다는 것이 필요합니다.
단어장,divisione,분리,f,La divisione italiana è molto famosa.,이탈리아의 divisione(은)는 매우 유명합니다.
단어장,maggioranza,다수,f,La maggioranza italiana è molto famosa.,이탈리아의 maggioranza(은)는 매우 유명합니다.
단어장,sfiduciare,불신임하다,-,È necessario sfiduciare questo compito.,이 작업을 불신임하다는 것이 필요합니다.
단어장,formare,구성하다,-,È necessario formare questo compito.,이 작업을 구성하다는 것이 필요합니다.
단어장,Presidente,대통령,-,È necessario Presidente questo compito.,이 작업을 대통령는 것이 필요합니다.
단어장,elezione,선거,f,La elezione italiana è molto famosa.,이탈리아의 elezione(은)는 매우 유명합니다.
단어장,plenario,완전한,m,Il plenario è fondamentale per il successo.,plenario(은)는 성공을 위해 필수적입니다.
단어장,riunito,모인,m,Il riunito è fondamentale per il successo.,riunito(은)는 성공을 위해 필수적입니다.
단어장,seduta plenaria,총회,f,La seduta plenaria italiana è molto famosa.,이탈리아의 seduta plenaria(은)는 매우 유명합니다.
단어장,in carica,임기,f,La in carica italiana è molto famosa.,이탈리아의 in carica(은)는 매우 유명합니다.
단어장,mandato,임기,m,Il mandato è fondamentale per il successo.,mandato(은)는 성공을 위해 필수적입니다.
단어장,essere,를,-,È necessario essere questo compito.,이 작업을 를는 것이 필요합니다.
단어장,andare,로,-,È necessario andare questo compito.,이 작업을 로는 것이 필요합니다.
단어장,venire,로,-,È necessario venire questo compito.,이 작업을 로는 것이 필요합니다.
단어장,universal suffrage,만,-,È necessario universal suffrage questo compito.,이 작업을 만는 것이 필요합니다.
단어장,discutere,논의하다,-,È necessario discutere questo compito.,이 작업을 논의하다는 것이 필요합니다.
단어장,sistema politico,정치체계,m,Il sistema politico è fondamentale per il successo.,sistema politico(은)는 성공을 위해 필수적입니다.
단어장,ridotto,적은,m,Il ridotto è fondamentale per il successo.,ridotto(은)는 성공을 위해 필수적입니다.
단어장,impeachment,탄핵,-,È necessario impeachment questo compito.,이 작업을 탄핵는 것이 필요합니다.
단어장,similitudine,유사점,-,È necessario similitudine questo compito.,이 작업을 유사점는 것이 필요합니다.
단어장,litigio,다툼,m,Il litigio è fondamentale per il successo.,litigio(은)는 성공을 위해 필수적입니다.
단어장,opinione,견해,-,È necessario opinione questo compito.,이 작업을 견해는 것이 필요합니다.
단어장,costituzione,헌법,f,La costituzione italiana è molto famosa.,이탈리아의 costituzione(은)는 매우 유명합니다.
단어장,lasciare,떠나다,-,È necessario lasciare questo compito.,이 작업을 떠나다는 것이 필요합니다.
단어장,secolo,세기,m,Il secolo è fondamentale per il successo.,secolo(은)는 성공을 위해 필수적입니다.
단어장,emigrare,이주해,-,È necessario emigrare questo compito.,이 작업을 이주해는 것이 필요합니다.
단어장,emigrazione,타국으로의,f,La emigrazione italiana è molto famosa.,이탈리아의 emigrazione(은)는 매우 유명합니다.
단어장,unificazione,통일,f,La unificazione italiana è molto famosa.,이탈리아의 unificazione(은)는 매우 유명합니다.
단어장,scegliere,선택하다,-,È necessario scegliere questo compito.,이 작업을 선택하다는 것이 필요합니다.
단어장,sfuggire,도망치다,-,È necessario sfuggire questo compito.,이 작업을 도망치다는 것이 필요합니다.
단어장,guerra,전쟁,f,La guerra italiana è molto famosa.,이탈리아의 guerra(은)는 매우 유명합니다.
단어장,influenzare,영향을,-,È necessario influenzare questo compito.,이 작업을 영향을는 것이 필요합니다.
단어장,invio,송부,m,Il invio è fondamentale per il successo.,invio(은)는 성공을 위해 필수적입니다.
단어장,contribuire,공헌하다,-,È necessario contribuire questo compito.,이 작업을 공헌하다는 것이 필요합니다.
단어장,miglioramento,나아짐,m,Il miglioramento è fondamentale per il successo.,miglioramento(은)는 성공을 위해 필수적입니다.
단어장,integrare,통합하다,-,È necessario integrare questo compito.,이 작업을 통합하다는 것이 필요합니다.
단어장,irono,불규칙,m,Il irono è fondamentale per il successo.,irono(은)는 성공을 위해 필수적입니다.
단어장,ricetta,요리법,f,La ricetta italiana è molto famosa.,이탈리아의 ricetta(은)는 매우 유명합니다.
단어장,duraturo,지속적인,m,Il duraturo è fondamentale per il successo.,duraturo(은)는 성공을 위해 필수적입니다.
단어장,rappresentare,나타내다,-,È necessario rappresentare questo compito.,이 작업을 나타내다는 것이 필요합니다.
단어장,testimonianza,증언,f,La testimonianza italiana è molto famosa.,이탈리아의 testimonianza(은)는 매우 유명합니다.
단어장,desiderio,욕망,m,Il desiderio è fondamentale per il successo.,desiderio(은)는 성공을 위해 필수적입니다.
단어장,universale,보편적인,-,È necessario universale questo compito.,이 작업을 보편적인는 것이 필요합니다.
단어장,confine,경계,-,È necessario confine questo compito.,이 작업을 경계는 것이 필요합니다.
단어장,estero,외국의,m,Il estero è fondamentale per il successo.,estero(은)는 성공을 위해 필수적입니다.
단어장,competenza,능력,f,La competenza italiana è molto famosa.,이탈리아의 competenza(은)는 매우 유명합니다.
단어장,sperimentare,실험하다,-,È necessario sperimentare questo compito.,이 작업을 실험하다는 것이 필요합니다.
단어장,amicizia,우정,f,La amicizia italiana è molto famosa.,이탈리아의 amicizia(은)는 매우 유명합니다.
단어장,ricordi,기억,-,È necessario ricordi questo compito.,이 작업을 기억는 것이 필요합니다.
단어장,attrazione,명소,f,La attrazione italiana è molto famosa.,이탈리아의 attrazione(은)는 매우 유명합니다.
단어장,immergersi,몰입하다,-,È necessario immergersi questo compito.,이 작업을 몰입하다는 것이 필요합니다.
단어장,fornire,제공하다,-,È necessario fornire questo compito.,이 작업을 제공하다는 것이 필요합니다.
단어장,indimenticabile,잊을,-,È necessario indimenticabile questo compito.,이 작업을 잊을는 것이 필요합니다.
단어장,irregolari,정상입국,-,È necessario irregolari questo compito.,이 작업을 정상입국는 것이 필요합니다.
단어장,respingimento alla frontiera,국경거부,f,La respingimento alla frontiera italiana è molto famosa.,이탈리아의 respingimento alla frontiera(은)는 매우 유명합니다.
단어장,migrante ambientale,환경적,-,È necessario migrante ambientale questo compito.,이 작업을 환경적는 것이 필요합니다.
단어장,a me,말하기,-,È necessario a me questo compito.,이 작업을 말하기는 것이 필요합니다.
단어장,chi,말하기,-,È necessario chi questo compito.,이 작업을 말하기는 것이 필요합니다.
단어장,sono tornati,말하기,-,È necessario sono tornati questo compito.,이 작업을 말하기는 것이 필요합니다.
단어장,Potresti,말하기,-,È necessario Potresti questo compito.,이 작업을 말하기는 것이 필요합니다.
단어장,sia,말하기,f,La sia italiana è molto famosa.,이탈리아의 sia(은)는 매우 유명합니다.
단어장,uno,말하기,m,Il uno è fondamentale per il successo.,uno(은)는 성공을 위해 필수적입니다.
단어장,consumando,말하기,m,Il consumando è fondamentale per il successo.,consumando(은)는 성공을 위해 필수적입니다.
단어장,avessimo capito,말하기,m,Il avessimo capito è fondamentale per il successo.,avessimo capito(은)는 성공을 위해 필수적입니다.
단어장,avessi partecipato,말하기,m,Il avessi partecipato è fondamentale per il successo.,avessi partecipato(은)는 성공을 위해 필수적입니다.
단어장,gli,말하기,-,È necessario gli questo compito.,이 작업을 말하기는 것이 필요합니다.
단어장,eletto,말하기,m,Il eletto è fondamentale per il successo.,eletto(은)는 성공을 위해 필수적입니다.
단어장,a piedi,걸어서,-,È necessario a piedi questo compito.,이 작업을 걸어서는 것이 필요합니다.
단어장,a proposito,관련하여,m,Il a proposito è fondamentale per il successo.,a proposito(은)는 성공을 위해 필수적입니다.
단어장,accender,켜다,-,È necessario accender questo compito.,이 작업을 켜다는 것이 필요합니다.
단어장,albergo,여관,m,Il albergo è fondamentale per il successo.,albergo(은)는 성공을 위해 필수적입니다.
단어장,all’estero,외국에,m,Il all’estero è fondamentale per il successo.,all’estero(은)는 성공을 위해 필수적입니다.
단어장,allegorico,풍자적인,m,Il allegorico è fondamentale per il successo.,allegorico(은)는 성공을 위해 필수적입니다.
단어장,allestire,전시하다,-,È necessario allestire questo compito.,이 작업을 전시하다는 것이 필요합니다.
단어장,aria condizionata,에어컨,f,La aria condizionata italiana è molto famosa.,이탈리아의 aria condizionata(은)는 매우 유명합니다.
단어장,aria,공기,f,La aria italiana è molto famosa.,이탈리아의 aria(은)는 매우 유명합니다.
단어장,arricchire,풍부하게,-,È necessario arricchire questo compito.,이 작업을 풍부하게는 것이 필요합니다.
단어장,assaggiare,맛보다,-,È necessario assaggiare questo compito.,이 작업을 맛보다는 것이 필요합니다.
단어장,assistere,지원하다,-,È necessario assistere questo compito.,이 작업을 지원하다는 것이 필요합니다.
단어장,autista,운전기사,f,La autista italiana è molto famosa.,이탈리아의 autista(은)는 매우 유명합니다.
단어장,autostrada,고속도로,f,La autostrada italiana è molto famosa.,이탈리아의 autostrada(은)는 매우 유명합니다.
단어장,avanzato,첨단의,m,Il avanzato è fondamentale per il successo.,avanzato(은)는 성공을 위해 필수적입니다.
단어장,aver ragione,옳다,f,La aver ragione italiana è molto famosa.,이탈리아의 aver ragione(은)는 매우 유명합니다.
단어장,ballo,무도회,m,Il ballo è fondamentale per il successo.,ballo(은)는 성공을 위해 필수적입니다.
단어장,battere,치다,-,È necessario battere questo compito.,이 작업을 치다는 것이 필요합니다.
단어장,bloccato,봉쇄된,m,Il bloccato è fondamentale per il successo.,bloccato(은)는 성공을 위해 필수적입니다.
단어장,bolletta,고지서,f,La bolletta italiana è molto famosa.,이탈리아의 bolletta(은)는 매우 유명합니다.
단어장,burro,버터,m,Il burro è fondamentale per il successo.,burro(은)는 성공을 위해 필수적입니다.
단어장,caldo,더운,m,Il caldo è fondamentale per il successo.,caldo(은)는 성공을 위해 필수적입니다.
단어장,cambiamento,변화,m,Il cambiamento è fondamentale per il successo.,cambiamento(은)는 성공을 위해 필수적입니다.
단어장,campagna,전원,f,La campagna italiana è molto famosa.,이탈리아의 campagna(은)는 매우 유명합니다.
단어장,campeggio,캠핑,m,Il campeggio è fondamentale per il successo.,campeggio(은)는 성공을 위해 필수적입니다.
단어장,campo,마당,m,Il campo è fondamentale per il successo.,campo(은)는 성공을 위해 필수적입니다.
단어장,carnevale,카니발,-,È necessario carnevale questo compito.,이 작업을 카니발는 것이 필요합니다.
단어장,carne,육류,-,È necessario carne questo compito.,이 작업을 육류는 것이 필요합니다.
단어장,carro allegorico,퍼레이드,m,Il carro allegorico è fondamentale per il successo.,carro allegorico(은)는 성공을 위해 필수적입니다.
단어장,carro,마차,m,Il carro è fondamentale per il successo.,carro(은)는 성공을 위해 필수적입니다.
단어장,casualmente,우연히,-,È necessario casualmente questo compito.,이 작업을 우연히는 것이 필요합니다.
단어장,causa,원인,f,La causa italiana è molto famosa.,이탈리아의 causa(은)는 매우 유명합니다.
단어장,celebrare,행사를,-,È necessario celebrare questo compito.,이 작업을 행사를는 것이 필요합니다.
단어장,celebrazioni,행사,-,È necessario celebrazioni questo compito.,이 작업을 행사는 것이 필요합니다.
단어장,centro commerciale,쇼핑몰,-,È necessario centro commerciale questo compito.,이 작업을 쇼핑몰는 것이 필요합니다.
단어장,ceramica,세라믹,f,La ceramica italiana è molto famosa.,이탈리아의 ceramica(은)는 매우 유명합니다.
단어장,chiacchierare,잡담하다,-,È necessario chiacchierare questo compito.,이 작업을 잡담하다는 것이 필요합니다.
단어장,chiedere,묻다,-,È necessario chiedere questo compito.,이 작업을 묻다는 것이 필요합니다.
단어장,chiesa,교회,f,La chiesa italiana è molto famosa.,이탈리아의 chiesa(은)는 매우 유명합니다.
단어장,ciclico,순환의,m,Il ciclico è fondamentale per il successo.,ciclico(은)는 성공을 위해 필수적입니다.
단어장,climatico,기후의,m,Il climatico è fondamentale per il successo.,climatico(은)는 성공을 위해 필수적입니다.
단어장,commesso,점원,m,Il commesso è fondamentale per il successo.,commesso(은)는 성공을 위해 필수적입니다.
단어장,compiti,숙제,-,È necessario compiti questo compito.,이 작업을 숙제는 것이 필요합니다.
단어장,conferma,컨펌,f,La conferma italiana è molto famosa.,이탈리아의 conferma(은)는 매우 유명합니다.
단어장,consumare,닳다,-,È necessario consumare questo compito.,이 작업을 닳다는 것이 필요합니다.
단어장,contento,만족한,m,Il contento è fondamentale per il successo.,contento(은)는 성공을 위해 필수적입니다.
단어장,contingente,우연적인,-,È necessario contingente questo compito.,이 작업을 우연적인는 것이 필요합니다.
단어장,convinto,납득한,m,Il convinto è fondamentale per il successo.,convinto(은)는 성공을 위해 필수적입니다.
단어장,correre,달리다,-,È necessario correre questo compito.,이 작업을 달리다는 것이 필요합니다.
단어장,costare meno,비용이,m,Il costare meno è fondamentale per il successo.,costare meno(은)는 성공을 위해 필수적입니다.
단어장,costare,값이,-,È necessario costare questo compito.,이 작업을 값이는 것이 필요합니다.
단어장,costi contenuti,싼,-,È necessario costi contenuti questo compito.,이 작업을 싼는 것이 필요합니다.
단어장,costretto,할,m,Il costretto è fondamentale per il successo.,costretto(은)는 성공을 위해 필수적입니다.
단어장,costruire,만들다,-,È necessario costruire questo compito.,이 작업을 만들다는 것이 필요합니다.
단어장,costume storici,전통의상,-,È necessario costume storici questo compito.,이 작업을 전통의상는 것이 필요합니다.
단어장,crisi finanziario,재정위기,m,Il crisi finanziario è fondamentale per il successo.,crisi finanziario(은)는 성공을 위해 필수적입니다.
단어장,curioso,궁금한,m,Il curioso è fondamentale per il successo.,curioso(은)는 성공을 위해 필수적입니다.
단어장,dilemma,딜레마,f,La dilemma italiana è molto famosa.,이탈리아의 dilemma(은)는 매우 유명합니다.
단어장,disdire,취소하다,-,È necessario disdire questo compito.,이 작업을 취소하다는 것이 필요합니다.
단어장,disponibile,구입할,-,È necessario disponibile questo compito.,이 작업을 구입할는 것이 필요합니다.
단어장,divertirsi,재밌게,-,È necessario divertirsi questo compito.,이 작업을 재밌게는 것이 필요합니다.
단어장,doccia,샤워,f,La doccia italiana è molto famosa.,이탈리아의 doccia(은)는 매우 유명합니다.
단어장,dovunque,어디든,-,È necessario dovunque questo compito.,이 작업을 어디든는 것이 필요합니다.
단어장,durare,지속하다,-,È necessario durare questo compito.,이 작업을 지속하다는 것이 필요합니다.
단어장,economico,경제적인,m,Il economico è fondamentale per il successo.,economico(은)는 성공을 위해 필수적입니다.
단어장,elaborato,공들여,m,Il elaborato è fondamentale per il successo.,elaborato(은)는 성공을 위해 필수적입니다.
단어장,entusiasti,열렬지지자,-,È necessario entusiasti questo compito.,이 작업을 열렬지지자는 것이 필요합니다.
단어장,esperienza,경험,f,La esperienza italiana è molto famosa.,이탈리아의 esperienza(은)는 매우 유명합니다.
단어장,essere in aumento,증가추세이다,m,Il essere in aumento è fondamentale per il successo.,essere in aumento(은)는 성공을 위해 필수적입니다.
단어장,estremo,극단의,m,Il estremo è fondamentale per il successo.,estremo(은)는 성공을 위해 필수적입니다.
단어장,evidente,명백한,-,È necessario evidente questo compito.,이 작업을 명백한는 것이 필요합니다.
단어장,fermarsi,멈춰서다,-,È necessario fermarsi questo compito.,이 작업을 멈춰서다는 것이 필요합니다.
단어장,finire,끝내다,-,È necessario finire questo compito.,이 작업을 끝내다는 것이 필요합니다.
단어장,fortuna,행운,f,La fortuna italiana è molto famosa.,이탈리아의 fortuna(은)는 매우 유명합니다.
단어장,generare,생성시키다,-,È necessario generare questo compito.,이 작업을 생성시키다는 것이 필요합니다.
단어장,giudicare,판단하다,-,È necessario giudicare questo compito.,이 작업을 판단하다는 것이 필요합니다.
단어장,guaio,트러블,m,Il guaio è fondamentale per il successo.,guaio(은)는 성공을 위해 필수적입니다.
단어장,guasto,고장,m,Il guasto è fondamentale per il successo.,guasto(은)는 성공을 위해 필수적입니다.
단어장,guida turistica,관광가이드,f,La guida turistica italiana è molto famosa.,이탈리아의 guida turistica(은)는 매우 유명합니다.
단어장,guidare,운전하다,-,È necessario guidare questo compito.,이 작업을 운전하다는 것이 필요합니다.
단어장,gustare,맛보다,-,È necessario gustare questo compito.,이 작업을 맛보다는 것이 필요합니다.
단어장,gusto,맛,m,Il gusto è fondamentale per il successo.,gusto(은)는 성공을 위해 필수적입니다.
단어장,ideale,이상,-,È necessario ideale questo compito.,이 작업을 이상는 것이 필요합니다.
단어장,in anticipo,미리,m,Il in anticipo è fondamentale per il successo.,in anticipo(은)는 성공을 위해 필수적입니다.
단어장,in comitiva,단체로,f,La in comitiva italiana è molto famosa.,이탈리아의 in comitiva(은)는 매우 유명합니다.
단어장,indossarsi,옷을,-,È necessario indossarsi questo compito.,이 작업을 옷을는 것이 필요합니다.
단어장,infernale,지옥의,-,È necessario infernale questo compito.,이 작업을 지옥의는 것이 필요합니다.
단어장,inseguire,좇아다니다,-,È necessario inseguire questo compito.,이 작업을 좇아다니다는 것이 필요합니다.
단어장,integrante,통합적인,-,È necessario integrante questo compito.,이 작업을 통합적인는 것이 필요합니다.
단어장,interruzione,정체구간,f,La interruzione italiana è molto famosa.,이탈리아의 interruzione(은)는 매우 유명합니다.
단어장,lavori in corso,작업중,m,Il lavori in corso è fondamentale per il successo.,lavori in corso(은)는 성공을 위해 필수적입니다.
단어장,liberarsi,해방되다,-,È necessario liberarsi questo compito.,이 작업을 해방되다는 것이 필요합니다.
단어장,maschera,가면,f,La maschera italiana è molto famosa.,이탈리아의 maschera(은)는 매우 유명합니다.
단어장,meccanico,기계기술자,m,Il meccanico è fondamentale per il successo.,meccanico(은)는 성공을 위해 필수적입니다.
단어장,meta,목적지,f,La meta italiana è molto famosa.,이탈리아의 meta(은)는 매우 유명합니다.
단어장,meteo,일기예보,m,Il meteo è fondamentale per il successo.,meteo(은)는 성공을 위해 필수적입니다.
단어장,modello,모델,m,Il modello è fondamentale per il successo.,modello(은)는 성공을 위해 필수적입니다.
단어장,molteplice,다양한,-,È necessario molteplice questo compito.,이 작업을 다양한는 것이 필요합니다.
단어장,muoversi,움직이다,-,È necessario muoversi questo compito.,이 작업을 움직이다는 것이 필요합니다.
단어장,Natale,크리스마스,-,È necessario Natale questo compito.,이 작업을 크리스마스는 것이 필요합니다.
단어장,natalizio,크리스마스의,m,Il natalizio è fondamentale per il successo.,natalizio(은)는 성공을 위해 필수적입니다.
단어장,negozio d’abbigliamento,옷가게,m,Il negozio d’abbigliamento è fondamentale per il successo.,negozio d’abbigliamento(은)는 성공을 위해 필수적입니다.
단어장,neologismo,신조어,m,Il neologismo è fondamentale per il successo.,neologismo(은)는 성공을 위해 필수적입니다.
단어장,noleggiare,렌트하다,-,È necessario noleggiare questo compito.,이 작업을 렌트하다는 것이 필요합니다.
단어장,occupato,바쁜,m,Il occupato è fondamentale per il successo.,occupato(은)는 성공을 위해 필수적입니다.
단어장,officina,자동차정비소,f,La officina italiana è molto famosa.,이탈리아의 officina(은)는 매우 유명합니다.
단어장,olio d’oliva,올리브유,f,La olio d’oliva italiana è molto famosa.,이탈리아의 olio d’oliva(은)는 매우 유명합니다.
단어장,ordine,명령,-,È necessario ordine questo compito.,이 작업을 명령는 것이 필요합니다.
단어장,paese natale,출생지,-,È necessario paese natale questo compito.,이 작업을 출생지는 것이 필요합니다.
단어장,palati,입맛,-,È necessario palati questo compito.,이 작업을 입맛는 것이 필요합니다.
단어장,parata,퍼레이드,f,La parata italiana è molto famosa.,이탈리아의 parata(은)는 매우 유명합니다.
단어장,partire,떠나다,-,È necessario partire questo compito.,이 작업을 떠나다는 것이 필요합니다.
단어장,perdere la pazienza,인내심을,f,La perdere la pazienza italiana è molto famosa.,이탈리아의 perdere la pazienza(은)는 매우 유명합니다.
단어장,perdere,잃다,-,È necessario perdere questo compito.,이 작업을 잃다는 것이 필요합니다.
단어장,pesare,부담되다,-,È necessario pesare questo compito.,이 작업을 부담되다는 것이 필요합니다.
단어장,ponti,징검다리,-,È necessario ponti questo compito.,이 작업을 징검다리는 것이 필요합니다.
단어장,portare,가져다주다,-,È necessario portare questo compito.,이 작업을 가져다주다는 것이 필요합니다.
단어장,precisione,정확함,f,La precisione italiana è molto famosa.,이탈리아의 precisione(은)는 매우 유명합니다.
단어장,prelibatezza,맛있는,f,La prelibatezza italiana è molto famosa.,이탈리아의 prelibatezza(은)는 매우 유명합니다.
단어장,prenotare,예약하다,-,È necessario prenotare questo compito.,이 작업을 예약하다는 것이 필요합니다.
단어장,prenotazione,예약,f,La prenotazione italiana è molto famosa.,이탈리아의 prenotazione(은)는 매우 유명합니다.
단어장,preparare la tavola,식사준비를,f,La preparare la tavola italiana è molto famosa.,이탈리아의 preparare la tavola(은)는 매우 유명합니다.
단어장,Preseidente,대통령,-,È necessario Preseidente questo compito.,이 작업을 대통령는 것이 필요합니다.
단어장,presepe,모형,-,È necessario presepe questo compito.,이 작업을 모형는 것이 필요합니다.
단어장,proseguire,진행하다,-,È necessario proseguire questo compito.,이 작업을 진행하다는 것이 필요합니다.
단어장,rappresentazione,연극,f,La rappresentazione italiana è molto famosa.,이탈리아의 rappresentazione(은)는 매우 유명합니다.
단어장,regione,지역,f,La regione italiana è molto famosa.,이탈리아의 regione(은)는 매우 유명합니다.
단어장,registrare,기록하다,-,È necessario registrare questo compito.,이 작업을 기록하다는 것이 필요합니다.
단어장,ricordarsi,기억하다,-,È necessario ricordarsi questo compito.,이 작업을 기억하다는 것이 필요합니다.
단어장,ricorrere,되돌아오다,-,È necessario ricorrere questo compito.,이 작업을 되돌아오다는 것이 필요합니다.
단어장,riflesso,반사된,m,Il riflesso è fondamentale per il successo.,riflesso(은)는 성공을 위해 필수적입니다.
단어장,rilassarsi,긴장을,-,È necessario rilassarsi questo compito.,이 작업을 긴장을는 것이 필요합니다.
단어장,rimanere,머무르다,-,È necessario rimanere questo compito.,이 작업을 머무르다는 것이 필요합니다.
단어장,rimborso,배상,m,Il rimborso è fondamentale per il successo.,rimborso(은)는 성공을 위해 필수적입니다.
단어장,riparare,보수하다,-,È necessario riparare questo compito.,이 작업을 보수하다는 것이 필요합니다.
단어장,riparo,보호,m,Il riparo è fondamentale per il successo.,riparo(은)는 성공을 위해 필수적입니다.
단어장,ripartire,다시,-,È necessario ripartire questo compito.,이 작업을 다시는 것이 필요합니다.
단어장,risalire,거슬러,-,È necessario risalire questo compito.,이 작업을 거슬러는 것이 필요합니다.
단어장,riscaldamento,더워짐,m,Il riscaldamento è fondamentale per il successo.,riscaldamento(은)는 성공을 위해 필수적입니다.
단어장,riservato,보존된,m,Il riservato è fondamentale per il successo.,riservato(은)는 성공을 위해 필수적입니다.
단어장,risotto,리조토,m,Il risotto è fondamentale per il successo.,risotto(은)는 성공을 위해 필수적입니다.
단어장,ritorno,귀환,m,Il ritorno è fondamentale per il successo.,ritorno(은)는 성공을 위해 필수적입니다.
단어장,riuscire,해내다,-,È necessario riuscire questo compito.,이 작업을 해내다는 것이 필요합니다.
단어장,rovinare,망치다,-,È necessario rovinare questo compito.,이 작업을 망치다는 것이 필요합니다.
단어장,scendere,내려가다,-,È necessario scendere questo compito.,이 작업을 내려가다는 것이 필요합니다.
단어장,scomparire,사라지다,-,È necessario scomparire questo compito.,이 작업을 사라지다는 것이 필요합니다.
단어장,scusa,사과,f,La scusa italiana è molto famosa.,이탈리아의 scusa(은)는 매우 유명합니다.
단어장,selezione,선택,f,La selezione italiana è molto famosa.,이탈리아의 selezione(은)는 매우 유명합니다.
단어장,sfilare,행진하다,-,È necessario sfilare questo compito.,이 작업을 행진하다는 것이 필요합니다.
단어장,sfortuna,불운,f,La sfortuna italiana è molto famosa.,이탈리아의 sfortuna(은)는 매우 유명합니다.
단어장,smettere,그만두다,-,È necessario smettere questo compito.,이 작업을 그만두다는 것이 필요합니다.
단어장,sorprese e imprevisti,긴급,-,È necessario sorprese e imprevisti questo compito.,이 작업을 긴급는 것이 필요합니다.
단어장,sostenere,주장하다,-,È necessario sostenere questo compito.,이 작업을 주장하다는 것이 필요합니다.
단어장,sottolineare,강조하다,-,È necessario sottolineare questo compito.,이 작업을 강조하다는 것이 필요합니다.
단어장,specifico,특정한,m,Il specifico è fondamentale per il successo.,specifico(은)는 성공을 위해 필수적입니다.
단어장,spostare,이동하다,-,È necessario spostare questo compito.,이 작업을 이동하다는 것이 필요합니다.
단어장,spuntare,솟아나다,-,È necessario spuntare questo compito.,이 작업을 솟아나다는 것이 필요합니다.
단어장,strada statale,국도,-,È necessario strada statale questo compito.,이 작업을 국도는 것이 필요합니다.
단어장,strutturale,구조적인,-,È necessario strutturale questo compito.,이 작업을 구조적인는 것이 필요합니다.
단어장,struttura,시설,f,La struttura italiana è molto famosa.,이탈리아의 struttura(은)는 매우 유명합니다.
단어장,su larga scala,대규모의,f,La su larga scala italiana è molto famosa.,이탈리아의 su larga scala(은)는 매우 유명합니다.
단어장,suggerimento,제안,m,Il suggerimento è fondamentale per il successo.,suggerimento(은)는 성공을 위해 필수적입니다.
단어장,superare,뛰어넘다,-,È necessario superare questo compito.,이 작업을 뛰어넘다는 것이 필요합니다.
단어장,susseguirsi,뒤따라,-,È necessario susseguirsi questo compito.,이 작업을 뒤따라는 것이 필요합니다.
단어장,togliere,없애다,-,È necessario togliere questo compito.,이 작업을 없애다는 것이 필요합니다.
단어장,tradizione,전통,f,La tradizione italiana è molto famosa.,이탈리아의 tradizione(은)는 매우 유명합니다.
단어장,traffico,교통체증,m,Il traffico è fondamentale per il successo.,traffico(은)는 성공을 위해 필수적입니다.
단어장,trasformare,변형시키다,-,È necessario trasformare questo compito.,이 작업을 변형시키다는 것이 필요합니다.
단어장,trasmettere,방송하다,-,È necessario trasmettere questo compito.,이 작업을 방송하다는 것이 필요합니다.
단어장,unico,유일한,m,Il unico è fondamentale per il successo.,unico(은)는 성공을 위해 필수적입니다.
단어장,variare,다양화,-,È necessario variare questo compito.,이 작업을 다양화는 것이 필요합니다.
단어장,verdura,야채,f,La verdura italiana è molto famosa.,이탈리아의 verdura(은)는 매우 유명합니다.
단어장,vetrine,진열장,-,È necessario vetrine questo compito.,이 작업을 진열장는 것이 필요합니다.
단어장,viaggiare,여행하다,-,È necessario viaggiare questo compito.,이 작업을 여행하다는 것이 필요합니다.
단어장,volto,얼굴,m,Il volto è fondamentale per il successo.,volto(은)는 성공을 위해 필수적입니다.
